0,1,2,3,4,5,6,7,8,9
0.5908739281052142,-1.002911490615434,0.5944920392941708,0.976115494855581,0.8085692598435492,0.5478816200945742,-0.6189046354552077,-0.17308678940079011,-0.2235772688530666,0.18145284015711025
-0.9084254002660341,-0.10565900414797237,-0.7624250602422629,0.04345787784776818,-0.03656073060429978,-0.9163899132904232,-0.4411864671790451,-0.000744681757529487,-0.8000064175985682,0.9151799210266046
1.300505230582683,0.2642168235210167,0.26352750774128725,-0.9477620056328047,-0.13487319889586222,0.4992161697081856,0.31103190282508336,0.8188040763076695,-0.17194672336392938,0.12831871721794164
-0.2115739953359941,0.5460644630234971,-0.8295882465388592,-0.9131512527644124,0.6414772297161853,0.34980664014742086,0.005326666725497896,-0.5397971885308454,-0.9190740303240145,0.7230957778576439
0.08071221325216996,-0.9316655724219746,0.5070620450483146,0.12289570772530149,0.5582536251161896,-0.4141199698145947,-1.1855587827977083,0.6763740631067159,-0.28667582777493406,0.7012241018983864
-0.6669283028535617,0.6796831148347502,-0.18567183601639567,-0.3573666101080894,-0.29179388159167075,0.28390604966412236,0.5724519467134647,-1.0185495011186407,-1.066377347532519,0.24080670124373388
1.2402757701375875,-0.4153444906927456,-0.30044615979497513,-0.1711724950015175,0.9436020826212393,0.877712009748067,0.021656905141151324,0.09446020640114734,0.697029537917243,-0.4233276845362873
-0.6783225260718269,-0.6460807439534626,-1.0668957582169416,-0.46921460818667815,-0.32079062722365564,-0.46718516836096324,-0.3034794477483629,-0.040647973978887815,1.0758802685042446,-0.654930170176633
0.42853159088928805,0.8434328241716521,1.114360369433205,0.2331340967090405,-0.743918523513277,0.6123742003647917,0.2608446129016991,0.345621350751105,0.8703893266944402,-0.40272950709386884
-0.18022635030085363,-1.0054309260375927,0.35392385802042664,0.07109418653746295,0.34000799240201307,-0.20545257741337186,-1.3135743464707788,-0.4993724962886846,-0.4506098592451329,0.7802369901069346
0.10359257713619778,0.9172270335175651,-0.8753358542337352,-0.05518241962337912,0.08796344912392354,-0.017170042597756584,1.2294582491406236,0.022774502264266205,0.7582661557920263,-0.6586790179249845
0.8956494977185957,0.7206467581597183,1.0624564617397123,-0.4293639153910718,-0.5764528543716281,-0.9786414582178417,-0.08080564634494873,-0.5190729986076882,-0.314289496451042,-0.027309407107082045
-0.4466141566842965,0.8519453298480814,-0.41733844624582617,-0.9941139091389123,0.5965645625948611,-0.08408058817802104,-0.2587822447276464,0.7327973857120198,-0.017757665453769767,0.6398042397246123
-0.34705819228472407,-0.35504952541870893,1.1326782547368293,0.4231549827280138,-0.845448248673868,-0.32463364931977906,0.9884163075723668,-0.13238968295682654,-0.03913422100252108,0.8062518826736029
-0.3406916784030607,-0.2683594255619988,0.11745149046709927,-1.1436337053754126,-0.4578196574186395,0.9406621382779976,0.5518694616451051,-0.9153532993746684,-0.32259049997546896,-0.16207875628780996
0.5244644229149447,-1.2128202872193463,-0.24520089825271907,-0.20090756518716227,0.32602954300168185,-1.1966532648339083,-0.2747443341825049,-0.7618001406532215,0.32024412886058046,0.21661723915144745
-0.44371192128589837,0.39980296037846297,-0.06543130601062541,-0.036873133542547246,0.5984214713700381,0.2609076026943149,-0.3602301615926311,-1.3338723995439503,-1.1768620621805157,-0.16232835259791437
-0.5057117247199718,-0.041203406507657074,-0.288484006959913,0.09310839702072357,-0.5410390169816474,-0.7575421236972927,-0.8224047827733333,-0.4243104812059887,-0.3114698008729185,-1.3607084374164273
-0.19620918885371177,0.256137369895108,-0.272198711570256,0.5285623114133821,-0.8236196047257733,-1.0747562636381767,0.35984749523107135,0.17334115163561056,1.0582537260534253,-0.615436140928715
-0.6947671857383333,0.48746406404754206,1.1192978437832453,0.18542724581818482,-0.9328070402494937,0.4625531518607576,0.47103646412955813,0.5915461776220895,-0.32801391356487775,0.3596194460903011
1.6171834504835232,0.5786454147373141,0.8926316477402422,0.41077856777136207,-0.22207245486878932,-0.1384110285844072,0.009921037685566896,0.08465131934201373,-0.11108035366616291,-0.24305768011216272
-0.6807134775283024,0.11669502595895784,-0.3335135757356758,0.6061741928747372,-0.6192725225900032,0.8094296736145252,-0.37774993955585845,-0.47456102462634925,0.8021481822633257,-1.0415642859030092
0.11201198836456569,-0.17836622861806525,0.08283249985859217,-0.5477628652471156,-0.09630549250422206,0.05670739311499926,-0.7005002541694364,1.3805180938878714,-0.4437162653573607,-1.142018133504928
0.4410681795529685,0.5240000208935456,-0.9038380835542851,-0.10523976169533905,-0.1615534064279773,-0.6947270521359771,-0.8775679843932361,0.17036753826526294,-0.17006370208460178,1.0906074907346173
0.08698044865116134,-0.027448479903782973,-0.686795875306205,-0.2325048840826176,-0.6616897931401079,0.9774637169898666,-0.8853222108916765,-0.05999996093984795,-0.962750972489185,-0.7671738071932217
0.3695893561208331,-1.11389075740737,0.17961112995527462,0.553972954459767,0.5623251083909746,-0.10105163704916825,1.1177747634968644,-0.31431955101684556,-0.14917342663534447,0.4676332216190636
-0.2690520012864293,1.4529536307334232,0.4895387593022264,-0.06431484631466698,0.09440217976684828,0.5029434523488766,0.3019749924724083,0.14330577862521227,-0.8773281660726945,0.4603452030684327
-0.3059559841591606,0.9719382244335925,-0.5538387863053076,-1.2248650992508072,0.755040726741784,0.3085351359262415,0.09308626681270073,-0.4872783833882748,-0.28028770834400163,-0.17577672906371605
-0.06658043959195666,0.3146895178724861,0.4971109485589642,0.11407328411179661,1.4410657614992246,-0.18654489341476588,-0.07846880287179009,-0.8573999617717126,-0.41829670714965966,0.31671867250512326
-0.04020237916738981,0.38538547831102793,-0.07984107120269333,-0.8754758726223182,-1.1087155453439748,-0.3133588925116135,0.0792282132811032,0.5301044252949503,-1.1796200818700258,0.36682841318766796
0.14421013039318603,-0.35430910715153124,-0.15712368881222907,0.6144038586239661,0.23788460947170265,0.44332774341312087,0.47666141343131246,-1.5921465992945218,0.3356636945207842,-0.35872168693678064
0.4545626043091865,0.05892643129741327,0.6595815055932408,0.8458113532615515,0.7597226396567508,-0.1518565676347732,-0.8137603712663029,0.6346424148507478,0.517104309077045,-0.5568759350366033
-0.7253325841203838,-0.0016784371521786237,0.26512462298969336,0.4977114733075133,0.8289598455054938,0.352574065608682,0.9894424657704238,-0.271488753284803,1.0554808056252345,0.38601139017318326
-0.6359993416499179,0.4849838633327572,0.45176423563823165,-1.313342543568899,-0.2462539895143325,0.727894219620859,0.8716257026039039,-0.11635319373552887,0.33931779050016414,-0.20671500046722674
-0.6756495791738282,-0.18938991683718612,-0.07478086334055964,1.3023951606395558,0.5977417068928543,-0.23072731650704664,1.1912888656286262,0.053332407692441686,-0.07774695641508755,0.06744848496840616
0.3966601067246957,-0.2850456656887382,-0.5392577119189838,-0.28213860482670994,-0.7705230725749365,-0.0407949474819507,-0.015736501706547407,-0.61187188377426,0.3459688165161653,0.7683272756242269
1.4578732120233378,-0.16080817877309553,-0.6273099845884078,-0.12050645425116616,0.8016027638191882,-0.31875572199379026,-0.023369998958105376,0.3646553459345064,-0.6794849937273405,0.27739553957789614
-0.6419483983123262,0.5490400548220371,-0.7493188719946482,0.374965821900513,0.659710104334912,-0.08854687003240859,-1.4108518823702747,0.17217422498928162,-0.5010344125235521,-0.41981489613367656
-0.35521421245384616,-1.7735151684703008,-0.20164806304574853,0.3272935804956136,0.013814573818162755,-0.09444532741901009,0.21923359982057422,-0.39697075669482756,-0.09453854495169205,0.4785644458582388
-0.6637455446675099,-0.6445749581086201,0.998115198693821,-0.21864216280023785,0.03900736481139409,-1.0189040848142583,-0.7989875249060977,-0.5203045143581029,-0.007209885247415011,0.07080901461084504
-1.1145080225586967,-0.5488140312431298,-0.828210022954677,0.35190694516368753,-0.26167104946773573,0.10720009466868106,0.052436389713279866,0.303132729384432,1.2198530468332658,-0.1839849565845233
-0.46804195441478497,0.6061818331045562,0.34563231283356893,-0.9356336021625306,-1.1702347553655843,0.05980846695267772,0.7010266018155772,-0.3158933776654283,-0.13854040505946105,0.08948050366402747
0.8078769177328273,-0.26604114349857,0.9713593184528254,0.6641803748924224,-0.24035467145581768,0.7234221454511199,-0.6018286872303992,-0.507493273794293,0.10392419680857759,-0.011270849231270069
0.3688454013178301,0.5996672053735824,0.1754914870850893,-0.4095287074884123,-0.05262996597517822,-0.06451665881546571,0.032928635571010716,-0.1809937793171691,0.1828464296274393,-0.3684167672430527
0.8536470963483541,-0.821515740203742,-0.18144967747440657,0.6474148641038024,-0.6489808563975404,-0.30820489151421676,0.6477973810152908,0.4761122732782198,-0.9979139180966216,0.2767055717949091
0.10608250588770039,-0.03609313100067011,-0.4210110946932345,-1.2971645248881427,0.24834338754488894,-0.16262389398205937,0.09795569672909772,-0.6486935452707204,-0.8181825767572053,0.42857938833683634
-0.32470638844978156,-0.3476857771000036,0.43878804249302766,-0.2012437063605271,0.010296984663586682,0.09935128503151891,0.20774804263268304,-0.13965841979957608,-0.2795009730785379,-0.274189401227476
-1.1270402217722915,-0.10737981783797014,-0.10461476586493973,0.01808064473403156,-0.6612079738797338,0.5147949040661318,0.32727491286359967,0.10482732064220442,0.28804924773253804,1.1699675019196238
-0.17594284794348639,0.3106012192119749,-0.28452057324956215,0.3692165708006692,0.11340579838095713,-0.19631720344310455,0.17281090589457118,-0.24028373626188332,0.299205839341432,-0.3863958668023106
0.8989928704985887,0.09512630693093917,-0.9913529859327559,-0.6008612333825349,-0.3148527725063703,-0.47203838138481996,0.5759881376079743,-0.9917225147251775,0.37356767775302535,-0.1359046169152162
0.04458919606280806,-0.43938156519837035,0.3437854840151809,-0.5161799279623699,-0.41396715474178436,0.07556625230414812,0.5476597344079778,0.0940574323013285,0.018782223595141652,-0.5898359433548053
-0.36210833390030167,0.6589610248235505,-0.38921478772849755,0.5180662446167932,0.3107488936695935,0.5600678979589555,-0.09182184886423801,0.10044491938131969,0.5375589593502875,-0.1789193427893574
-0.06694302329567983,0.8969651316390511,0.010303253813697785,1.1893344073454013,-0.8917869083310123,-0.8394999166948229,0.08486159855450595,0.27950735675131066,-0.21346201635733897,-0.43605257587632984
0.28927170806039804,-0.2408888803736105,-0.38328277885649775,-0.6336016580797131,-0.14279022663859472,0.05831923334867635,0.442530990635325,0.061637163720482786,0.019987318741815942,-0.5562721789344609
0.3716858857392183,0.47773409797775107,0.21180314442531675,-0.30230592580388393,-0.6594192174480455,0.9359153199209047,-0.43156864097017644,0.971569989214328,0.6527429899571752,-0.8078578236090137
0.3243993819731469,-0.6969413361833612,-0.8008790150421511,-0.7425389878560668,0.018123100216737194,0.22481355710888803,0.9716463587064896,-0.028752866135579126,0.9011175209552142,-0.32119123522036724
-0.09150258910250635,-0.4736126513437267,-0.1101126760391652,-0.006270711158438711,-0.38088059354072246,-0.5272963342578599,-0.12266251485426596,-0.08329984963392692,0.29748950794662227,0.11083138824128876
0.12449510219611623,0.19573774096633065,-0.6260256941839941,-1.217278838758346,-0.7984580172513626,-0.8073259014288824,-0.3039891645292366,0.27044612609915575,-0.5249592354152329,-0.8322557079846227
-0.12559277953310855,1.1142362483037687,0.03294094783838659,-0.6776242188629704,-0.21180408219015315,0.726998087163275,-0.2839468153505254,-0.5349957165003459,0.6683261529634527,0.5932516753999313
0.12202131667846153,0.70958774284939,1.1899636955272486,-0.8278024279377795,-0.34770000136741086,-0.2966377391142936,0.5311696229179791,0.6454917761936049,0.5609288229154848,-0.05736870439225395
-0.2683925303167825,-0.13062690284116976,-0.02063002721685816,0.018756285209153376,0.4335126335911853,-0.5135129569063888,-0.7822841928689598,-0.2992633710516381,0.21033809387371039,0.6260649701970967
-1.134804331028989,-0.7932115032021998,-1.2485459410935449,-0.13274249320085257,0.258062138644308,-0.04332842857284448,0.16200319042347944,-0.014364048310227058,-0.3941339780064035,-0.5023845612027004
0.0023192519379929962,0.2518407189405435,0.16708973695955592,-0.2236198472620592,-0.8690300780302088,-0.06960868236520548,0.25892163267868734,0.2808870726731056,0.4805240923117875,0.315009453427917
0.3730831742468848,0.4682710106166244,0.5296455942477607,0.5800293419611117,0.5011771232267037,-0.2640863483879276,0.29354855850859557,0.06460032327002109,-0.08344813161345446,0.5433481148801882
0.31534645738188155,0.22069413236787314,0.058140809455948024,0.36633548777419667,0.46519291512314864,0.2140245988302264,-0.35228065394300323,0.20139007733246422,-0.6189306955932855,0.30686226552146867
0.2914273389304082,0.014776130200868685,0.15769639058804455,-0.03894143275207655,-0.21840787149561885,-0.20488588442793637,-0.491288052369745,0.23041574669999051,0.22795930789859356,0.3417238324151779
0.6631760863547856,0.6194406926609393,0.07904259708084904,-1.0322728032906472,-0.9087822819719148,-1.018777902638583,-0.36906572518965974,0.04407757837812971,-0.39538091203500214,0.012104989143108057
-1.1534545134791627,0.8233277150400788,-0.15081591333350966,-0.39069577724882176,0.5397483335695421,-0.24470206328677463,1.0369210131140005,0.3471646379290146,-0.29314625138174577,-0.5586059819781547
-0.036702358339417304,0.044959285598390436,-0.41977872380609454,0.5482230595302107,-0.25115003102051525,-0.1314527268782517,0.108293235455807,0.14396760783646906,0.12567455945619016,-0.7348249687380509
-0.2939127251578223,0.01782448559902806,-0.4237272707855334,0.17289132953747155,-0.650722174945892,-0.27690751122608775,-0.6753177394762219,-0.46651011656444485,0.0746980155702184,-0.6842572583372452
0.7007203942522374,0.3685491697985935,-0.1665414286094897,-0.21046675297118458,-0.1962503879270022,0.6411398032799787,-0.1879631885324142,0.4242185176545137,0.39889012800324886,-0.35335840047576994
-0.32834333501546253,0.08007366389120364,-0.191408570183078,0.1268822262641467,-0.30463942685741696,0.05341386310667818,-0.032974638633905984,0.32679116292959537,-1.7422136950138636,-0.5643690761857688
0.41295349320468117,0.26437362317599145,0.5254088380690372,0.6860632575654099,-0.6852986882309344,-0.21719940075672536,0.10210275330495072,0.2246770190376187,0.05489966744504342,-0.07132392018857278
-0.14493389088976003,0.2138159313443079,-0.5948740590666548,-0.047627734035032926,0.704337189012094,0.10465327294876164,-1.275693870882096,-0.5949304005047443,-0.17545057580893864,-0.231236055209791
0.05516145167935354,0.0555417345459625,0.5287834291459556,0.6837779870481663,0.49300308053624786,-0.12866327248921042,0.3875574149351114,0.34767007397474964,0.33769434212446353,-0.4249088572292492
1.5498556212941672,0.09318374613673189,0.09002883109119625,-0.19476974813310347,0.5998752875839014,-0.7684787149390547,0.5981672909461768,-0.166571970952276,0.23213565743247988,-0.42736675302841853
0.07510488945201577,-1.2785944838102348,-0.8439308329152732,0.6413783907253934,0.2129052610092041,0.9404527991728737,-0.31516390872249606,0.05970794434873895,-0.10986852551981229,0.41611524015091167
-0.3058381080701491,1.1031353866013722,-0.11281768942926221,0.534932803630056,0.42345799576526805,-0.1897950741429162,0.37123281041851985,0.3165832540130356,1.0507411530026742,-0.5738611355163918
0.10762655388841175,0.4893020358636081,0.9971806542022327,-0.5336828257181736,0.21412986947530827,-0.11657809610670164,0.09119894142053286,-1.4748308599309183,0.6876841396209252,0.2253337865497473
-0.08170382757357668,0.7361864722295087,0.17226223453920458,0.25683047536440934,0.18321744028649128,-0.2096593895888828,0.2531754366643861,-0.5111777119786887,0.33496450464272076,0.49442992535993385
0.19869611751934058,-0.19153943332711562,0.12193551753384245,-0.24835910899757804,0.43928733489251115,-0.17995194718232127,-0.4927496731401105,0.5144863830948059,0.008757106182436539,-0.0671931085036664
-0.11082968178949812,0.06605763798237402,-0.06906443999635953,0.4783301077620371,0.24045850124006168,-0.49677846051874963,0.5373115726102768,0.3858126108088038,0.29096753477528176,-0.38577550615102246
-0.092875852732373,-0.61983354589759,0.34998243725130795,0.6615964692981899,0.07852964270090303,-0.03574810335423509,0.37141121131659294,0.3460707868938765,0.38508545717966913,0.15367474427454267
-0.6297832499639197,-0.1378449155192455,0.4862109505465185,0.1296666621571795,-0.06963984831899102,-0.1000100832239885,-0.4172677826716635,-0.05838375954411864,-0.713906331434157,-0.5517333478955692
0.009302581760870506,-0.36478455597638487,-0.2420712494841237,0.5580258458970252,0.326431560416505,0.26714808048029154,-0.2587057074915629,0.47257159185137615,-0.6084670252054153,0.23579409069373075
0.018196343642272884,0.9520751383911384,0.23878699579521415,0.6158880211311749,-0.42814086501932597,0.06472315132591235,-0.3302487512428762,-0.11534931024793382,0.10332072148484084,0.11143929584765895
0.001783984963518177,-0.15217312308003134,0.11358981045429656,-0.08273358252480599,-0.28666477339992297,-0.14526694598398,-0.296143570783687,-0.5439797587377558,-0.15774995140087503,-0.11692142448366019
0.24761138464204863,-1.0013158853226243,0.2998434438989238,-0.4108210507392264,-0.22869301274856416,-0.09908998093771121,-0.18915306317173364,-0.28730055759267603,-0.44760439920572564,0.3890943638625981
0.1787793065371764,0.3464518080126129,0.2610688935637993,-0.32703876730541914,-0.45779320124807843,0.03007037232841669,0.15053255756479805,-0.49134205423023836,0.494845881038881,-0.7377606428254354
-0.380337441911453,0.7547007819981629,0.8716633193497315,0.39010445402798616,-0.2774392450446982,0.10974478264657196,-0.17022705260577306,-1.2552171604987383,0.6623695464457959,0.11700850454090324
0.10573604438490346,-0.1947881545495968,-0.20499411452188357,-0.2518157604292935,-0.030270650929170535,-0.3470119188767578,-0.4522637671173679,0.902770337525819,0.2192499395899312,-0.389434628661721
0.5820663254717817,-0.28759950050403227,-0.563299436588462,-0.003546335670734988,0.3606385689900581,-0.19178033204472172,0.26305075181754006,0.30050797731002626,0.5462761800806074,0.4010036439336736
-0.5910115221207529,0.4992248992845661,0.5442428836153194,0.23979888984294478,-0.14906197458837053,-0.3205185716477788,0.07213608074159217,-0.12728676348760803,0.43333813715859665,0.2880093516460897
0.3139934292868982,0.518901078267924,0.698772856608809,0.6762041312794592,-0.5671520369994556,0.8011981456948032,-0.4041001874489141,1.115734902346583,-0.029380217734314998,0.3015675670954169
-0.036291177839848976,-0.187879491917,0.3220445570147905,-0.24233858361355504,-0.19449495670052366,-0.18411754804295236,0.6257798538432624,-0.17110625658895062,0.6947217211403013,-0.315461787756266
-0.43246594198831617,0.25239197632032456,0.3785730670100373,0.4440340812993393,-0.23890956107924047,-0.026368822382247914,0.12757866409925533,-1.7254333996242501,-0.5449351577712919,-0.024316799485385676
-0.10091985854082017,0.5608861388823047,-0.18542285400011282,0.9906551078710711,0.9501354807439553,-0.00864662709059643,0.38407326339888187,1.1098805610451117,-0.22160466692180358,-0.5119162566233975
0.5045766059980935,0.16205885252304097,0.3014523448957971,-0.013391233799372657,0.19410933885091525,-0.1348750011054565,-0.2922444254266416,0.03823425556158841,-0.14349785760534195,0.20859184387813703
0.3701001908862614,-0.5544489723999954,0.16857797670371966,0.1281722119931067,-0.3747889704026165,0.4198839963981177,0.40185327887183886,-0.4505029208080676,0.7184759493498747,0.4864504087639191
-0.3719487127625102,0.4164798539854182,0.5095513779663527,-0.10556326582546884,0.22777178190875,0.2208967947295428,-0.37155165894978026,0.1242604192018211,-0.1867945707425357,-0.16287829345834343
-0.3658347864879879,0.19128417164267145,-0.5085102658540264,-0.08702388226646354,0.7500124535434541,-0.06484704729938139,-0.6687986853796875,-0.2453409337017212,-0.13979227084730936,0.05102431418224075
0.22848052971129099,0.48231561769702713,0.46795919516080875,-0.25595304097594757,-0.6816402731606345,-0.11327930068983007,-0.4133478625654565,0.09152731104877428,-0.5259377878157228,-0.12184846241104343
0.1823212037555759,0.2169155434572777,-0.2240578785008453,0.034957734548186986,0.31772787786116635,0.5144390325934569,0.5197428422404795,-0.7053642060729153,-0.17901796784910212,-0.30509599447868613
-0.14623254039032935,-0.5979936550489823,-0.4001453356648296,-0.9541580351266914,0.0989362389007883,-0.5790649748924356,-0.724660782410333,-0.4601394824326008,-0.6587413258106587,-1.0360251310202235
0.11643806003147109,0.03884485866520012,-0.39093087320729664,0.10205693957091948,0.36172469703017524,0.030709546436801294,0.21458634968125687,0.1707834742707033,-0.4308068512313559,-0.27361880608743255
0.37577909002484455,0.248015661757693,0.47929095947373845,0.02297685942096281,-0.1475525949453924,-0.020657221554425415,-0.03686175374853836,-0.3670524612426167,-0.681424646477478,-0.11149342892012523
0.264694103913909,-0.6365355002319428,0.019772213185995532,0.25389059123724916,0.4370931596028427,0.7399454051808075,0.270314193705884,-0.24664610153130379,0.13743102405981866,0.15833016437166386
0.04207475921141635,-0.659327591518533,0.3489650687624517,0.2457374933652942,0.12066241859120792,0.14778299655691324,-0.18611867609375138,-0.6650963196311954,-0.1937474586994793,-0.43680821927202057
-0.8128604191835932,0.43436000432114763,-0.4648234980207262,-0.2232328008491375,-0.07670857117719586,0.9053176346316234,0.07825571875146002,-0.28721314543882714,-0.48161843955302486,0.15104490913236607
-1.346192480452129,-0.43913619690870936,-0.18365199282108355,-0.033233618064746055,0.008036011442276328,-0.7251477914395629,1.0029860987306596,0.33484041400529957,-0.25632711880433484,0.5628070361623148
-0.03678926306724313,0.2821501729807852,0.7502901774092343,0.07706147579740577,0.6701129672736452,0.6443861129972936,0.2750065264556512,0.039801717984559,-0.07187325497475221,-0.25911850095696004
-0.2503143361693629,0.682972049037011,-0.7588712561187724,0.14038455008815348,0.9475777884540622,0.04293137968845564,0.15489957317584366,0.19072230771116572,0.22469262108351928,0.09372577151350828
-0.5754232589264505,-0.5936552186730539,0.436543403885934,-0.03371005413801812,0.5579300640086905,0.5068670112615179,-0.44109918688272287,0.3333691377117549,-0.5712622071203936,-0.04613757217632288
0.0333692546779495,-0.35288247288215385,-0.06957584733491623,-0.09448094760754881,0.16779299593036695,0.7875719233135848,-0.20727600492411385,-0.28071146018376364,-0.14400042633193846,0.2872291498925932
0.3422628949945671,-0.299828357188688,0.6696179562094801,0.28617537469391163,-0.3157214896253482,-0.21180881306231455,0.45629755300645236,-0.7139319664503564,-0.13505554494918945,0.41501124597380984
-0.3742040153084394,-0.10584393480764813,-0.2825735115298939,0.04839373739715059,0.004688528274594776,-0.8971981876569233,0.6333413231152414,0.12987717789974748,0.13392545648770587,0.41920435961008046
-0.1303307935955671,0.24632708587728447,0.07441411630896429,-0.10608331188621394,-0.46948390351453995,-0.6509970313294837,0.5658695844703979,-0.12538550903805518,0.16327127015057696,0.04402793469550328
0.24212376613727216,-0.859532006661718,0.14315781782992013,0.04038426970555815,-0.45800597400205856,0.3861781899140901,0.006412212299869731,-0.12430840666631067,-0.0334629731910608,-0.05357290301365944
-0.2219837570951692,0.890663901973929,-0.5013049180480122,-1.2748675425857745,-0.7181939338315335,-0.44903630316547677,0.3702129678636974,0.7372235509825328,0.18052608670886408,-0.1518397462388749
0.7005583815455626,-0.45227752239061375,0.6062308582087605,0.3582791315983715,0.3469926723764948,0.10310896876557442,-0.7479685566845344,-0.7966677909367437,-0.27463311109400906,0.5104408779759397
-0.5907015563125343,0.01821741002983594,0.07724297492244447,0.3166774415361131,-0.1805465259969232,-0.2937899845544007,0.22711473001707339,-0.2531598827706029,0.145476298744138,-0.5606442384625572
0.2492022625797258,0.34064988630898146,0.24079793676194672,-0.437007496185633,0.27277903746648663,-0.08385551402620024,-0.1837903500688394,-0.027391878463865163,0.5656678021309846,0.6661263249424656
0.5735515288605678,0.4367190302655911,0.6495036271545743,-0.13260213905943655,0.02700658692855455,0.28492873861631546,-0.09217115440034476,0.5354785279080719,-0.40147582987295694,-0.09203161099697028
0.16341686549279147,-0.16323814329960354,0.6956142125923247,0.2855220856776718,-0.0719592384412098,-0.737475504622833,-0.26406298500857334,-0.1523633671528463,-0.25646336512808576,-0.1787639901892652
0.37029385097494566,0.29033066870461466,-0.6255545991884122,0.7413326531617935,0.3535048254415132,0.3284509854072013,0.21770390720982366,-0.2622903385411538,0.11718704807603278,0.005322913639045466
1.08254963159358,0.08257078461573737,0.09530303756881169,-0.4121684049931201,-0.01985749269355125,-0.36624064209822105,0.0330512407930374,0.032239366736644744,-0.22834079109092995,0.4185836752818925
0.4317292934613603,0.23961492273257118,-0.5718809238594439,0.6471637900065016,0.22474009421336932,-0.6872954650593109,0.9490045061173482,0.21078337485996798,0.46061113065291354,-0.7257065350582063
-0.03345573216705289,0.050761917344178405,0.08720848114571883,0.6667208786630985,0.41481598033272604,0.2513377566366001,-0.5429691553772733,0.6177360052741296,0.4482292398150465,0.5390865295820017
-0.15918876496934772,0.6062811363043917,0.6080013431116982,1.3777368126351384,-0.5384476968185292,0.3057434419025423,0.37375045415001307,-0.7282988432480201,-0.24772267253304298,0.7051763968807183
0.24651610117318176,0.5122995482830848,-0.3868206392143459,0.9830946887159324,-0.7185239066794817,0.9071236962180803,0.04817808028370597,0.17351251162599127,0.6362080073091894,0.9452693123350808
0.270365724385551,0.3934451732502963,0.17883632212083495,1.2115279200098206,0.6016889962253682,-1.2100106987285406,0.2936306859437916,-0.685170460594734,0.16815974984169152,-0.14264453665121699
1.2515501893757748,0.36707691710620566,0.3503665053420666,-0.4213513307149657,-0.26037986009961755,-0.23272209217983883,-0.8888304400551305,-0.5459799089112933,0.08553707801454033,-0.8263411792481018
-0.09915533264579936,-0.230137034958488,-0.9901932202486201,1.5657340876145764,0.3460990425851573,-0.12370377515565417,0.03484457240923251,-0.5329419164325437,0.3664724116193464,-0.04846419838603832
0.5954667351012681,0.029818341009514113,-0.35997188101174055,0.3915360279603689,0.2721049930242457,-0.5446382233554472,-1.1541232252726055,0.5947937404195446,-0.1279348307058005,-1.2470647043588847
0.07913283037336961,0.21047310690179866,-0.6132082854768507,-0.16916897253437993,-0.14907558782000488,0.7817380919022309,1.5897964272200236,-0.42739284958064727,0.21463724977981297,-0.17788525534374525
-0.6351602686694606,0.7753548313682378,-0.9670699864912793,0.48236300803172466,-0.2866510673692526,-0.4794451909081409,-1.0623072829243756,-0.3210224343920171,0.18153931818170832,-0.04113666341251228
-0.41752878290858586,0.6450147831270733,-0.30501616116068614,0.5125764731753627,0.9528693991534638,-0.23472270615294852,-0.6105984444843486,0.8822976229021477,-0.8391556300812968,0.3759111617049162
0.41140627266855206,0.10390282543417954,-0.636123073619145,-0.2697894560657839,0.5317035001790157,-0.33770303263316526,0.5028352153230278,1.1431930330308422,-1.0656362778190294,-0.556042997119388
-0.4405330668970221,-0.3291352747942642,1.053003427502034,0.027925067958606817,0.999300125171662,0.640618059328737,-0.37693580103660784,-0.20509914157054063,0.2291488423080059,0.6557879371957163
-0.7064780293894883,-0.7129752588156577,0.011670254125675262,0.804193174730194,0.40950011903878125,-0.009096376719247524,-0.473022570004644,0.744973037111214,-1.121725712783853,-0.015331174122897905
-0.5665972312051922,-0.618338406357343,0.5925886855801694,0.9973378771997145,0.5081870200440086,-0.1650048255805429,-0.00954707762058932,1.212858866852113,-0.5702877988716338,-0.16296390155811516
-0.926334371895295,1.1227490320362161,0.5586382858310661,-0.32631485561369866,0.8284737735246238,-0.13060872088912648,-0.04259994042191165,0.4682570306884511,0.7545954624290354,-0.20302277842134672
1.0619468887983765,0.06461711859550867,-0.25494942336031773,-0.8744898543184265,-0.5097500887289033,1.1320935797887395,-0.27951448027649,-0.10283068267047561,0.2421005416999969,0.6362634057018232
0.06159876758050772,-0.10464208080833316,0.05358779169410535,0.05709483563755955,0.5008631613532334,0.26593851859914475,-0.4633572845965985,0.4801089298143766,0.16333672230156238,-0.13545563020777124
0.6456811263865456,1.0203724113187742,1.1458199589493492,-0.20868462383500802,-0.40618438976969584,-0.7319378046302464,0.25898446820802173,-0.2208907660592096,-0.34025322121783486,0.146121113641431
0.1987024023048766,0.29218845550193007,0.09253631072857292,-0.6455145555997246,0.1755051902551896,-0.4410554823078882,-0.02500755580402976,-0.20894590011145836,0.8466487474844778,-0.5831442237343983
-0.36327051455516934,-0.7167144132896446,-0.1638447536958146,0.6156320615493407,-0.46034033694780285,0.336180085196528,0.6312807760031766,-0.48431952519078236,0.34501755604594025,-1.3447075686064147
0.8596866942471119,0.7253880968611903,1.1234317605652984,0.6028869716493729,-0.2829898773371529,-0.4766669094881627,0.3542527898546839,-0.6906984064684355,-0.5654290183693462,-0.10915625786742308
-0.9931414820978488,-0.5895969184468188,0.1863680689991333,0.13753343891478098,0.47999243378188233,-0.27941424915379015,0.37759086371829353,1.296853212095248,-0.7234454402491758,-0.18045813811974376
-0.03898937563514199,0.7486019984891686,-0.0973415231635342,-0.9110540640796183,1.161077645558634,0.350517934325831,0.04790696680623426,0.19899417442862888,-0.9571266720935978,0.3245140811584663
0.9876944386835779,-0.27085985145719793,0.750290957361283,-0.1803317968922462,0.3070406303153932,0.8864695458553512,-0.41620619757460664,-0.914153018199399,-0.11746223852180634,-0.35936147219424175
-0.3305718965954849,-0.36886919600577006,-0.46371956674663023,0.13092516128756618,0.10997767052985502,0.36511733477045577,-0.7702063087379732,-0.5722209616520286,0.6504696314328298,-0.04795058370145478
-0.6096617446567187,-0.5895906945447367,-0.4180408464002391,-1.3427220199309906,0.2511173257020493,-0.49920612417388494,0.060203829805627794,-0.1337354080766602,-1.0020839226344265,-0.2005425478247162
-0.9670459795718097,-0.1708995616770424,0.8728131434039745,0.08641408375818928,-0.7459900633824389,-0.025780709417492276,0.37530037968373015,0.8780160129586146,-0.27997468371382506,-0.7255899720180791
0.8895750217040499,-0.2935358731978496,0.05033658182165864,-0.11506226396091192,0.22955825705680205,0.15465503601971786,0.10790866645317819,0.19088959830838162,-0.02787011904390981,1.4978902974979151
0.057993810763323037,-0.5268129716657189,0.6005085358652927,0.19295321260948164,-0.7585533327103124,-0.3340621399512912,0.38737012147803,1.0720003912273954,0.6260449145549093,-0.9908059202730043
0.34484649592132305,-0.4182374421243952,1.0050010815439356,-0.2931717161003457,0.5901352490794484,-1.2520986192766945,-0.08946266348537177,-0.67960790427667,0.2409246502941357,0.5714395104451345
0.4082015848860489,-0.24013970543872284,-0.4234344744706374,-0.5351318119975975,-0.14385713432977812,-0.03715526993285237,-0.01209696416734565,0.6361389832414789,0.2755334996866617,0.508534526432206
-0.2755440492589858,-0.0016887878719246245,0.10648161821389039,0.1248123930332543,0.3532788194916143,1.145226271500644,0.3336085202923071,0.036772284494925,0.3322674168604601,-0.3779146394355301
0.26924227316069466,0.3351329827737269,1.0118226795515417,-0.8780461657775652,-0.9030457843543321,-0.39699929972316295,-0.16883499971897942,0.37081392742051855,-0.5093825700038014,0.7705428769596728
0.23888596175462767,-0.3251348338691701,-0.12042911853476364,0.5145042047003124,-0.134656297007564,0.09298594161308449,-0.27479923193790856,0.2197421443353186,0.4888992281258336,1.8935257072188658
0.043743319217682,-0.040039714813808226,-0.5404161607526893,0.7361000656427628,-0.36312288927952074,-0.7689159423732903,-0.5809281527267677,0.4023383728600132,-1.067180516542708,0.7435231282719339
-0.2581662459479491,0.7585973568553296,-0.2636205574202231,0.9252552516852317,0.06046781257679342,-0.015130950566191506,-0.14601585814614,-0.9698091623597261,-1.1816022837584956,0.5766362994114891
-0.532266695097711,0.2211727431131194,-0.20095863774595069,-0.15710104254607696,-0.14760452728227255,0.3594535362253733,0.41572509118562606,0.04930364651933097,0.14990232870850784,0.12417632080094791
-0.5371596081565879,-1.2332301088743325,-0.3394909809126599,-1.251336010833378,-0.06788488159434147,-0.10661038407165535,0.3509445671591947,-0.053178413491471156,-0.14685591044984875,-0.3524555048888412
-1.1108388286543998,-0.21693996735427704,0.9170238607133795,-0.08390859928626788,0.04979290087132721,0.03717931888537442,-0.6648637699011763,-0.4183229774811384,-1.0081244658779807,0.4665739449895574
-0.03565826615354009,0.454920023532763,-0.05477284599055125,0.5707129791189147,-0.2622946083198795,1.2144775098930234,0.46230894320241994,0.9872334155621161,0.12289847938221918,0.712561910652615
0.6636411853789229,0.5409832897560034,0.09724344972350338,-0.6362681811909572,-0.230787558232256,-0.3232206212387155,-0.014424095784706903,-0.949708774429102,-1.2187644868408305,-0.4622282504414398
-0.7991605345214525,-0.07564221048331178,-0.22159113013910295,-0.4948982252209884,-0.18837630390527965,0.10402129910797998,0.41291990657004324,0.3918190419848847,-0.7231777996379736,-1.488922498250841
-0.09668048386713841,-0.2074445139871389,0.38204478408345066,0.0040010701722575865,-0.43781846797688445,0.12919159370766164,-0.8915786676667737,0.2189332871583715,0.23701459301412375,-0.616211411443966
0.3981989779217039,-0.2890163455032425,-0.8630715304081366,-0.25194106376139436,0.5698738607885068,-0.2307641064971168,0.5470334061768634,0.5194358380074467,0.11225508837854463,-0.14539387651978686
-0.23981920891351569,-0.8477146201627841,0.2659304090861303,-0.2957544612269648,-0.6614672100467255,0.5243885758378808,0.47731166064117725,0.24948844876716333,0.19974047868077136,-0.17686725312238558
-0.9080735783899652,0.09029668827386074,-0.02752015961501009,0.028757687884427455,0.03763468527400626,0.4891638308242731,0.8565644020486746,-0.14105941033046784,-1.4609733594537975,-0.0848771112828592
-0.667748820082294,-0.31447070144858247,-0.4180735073324688,-0.4591824843907098,0.2828412835617365,-0.16221736672043907,-0.37883319751491173,0.2491263038345644,0.6148068149365036,-0.5537153363810927
0.5231803331215196,-0.047428616537182,0.4085333382064473,-0.23060376362072613,0.3898872466872487,-0.361050953006698,-0.3775824601970334,-0.23816457382306477,0.6158171971126548,-0.08486428805509015
-0.2261521099645224,0.36360324181568865,0.6972685786142748,-0.27831653734853784,-0.14834624483691705,-0.5306634083649333,0.1542891407051056,0.014382102892588079,0.4605615179241886,-0.1355263150678523
0.1570891084964512,0.38276570394790144,0.5426448659792884,-0.46341024483036336,0.5089036546931489,-0.2063559482713333,-0.36375017611123556,-0.3788324153636802,-0.23413523565929237,-0.13142742984765723
0.3271065954395511,-0.1113057053196091,0.2286728504335609,0.20571128432167804,-0.08409694330188597,0.5386674668486887,0.2878699110307302,-0.1563573896699902,-0.33484447566286896,0.054442932457828185
-0.503669836021797,0.6438514106170105,1.0720521783580705,0.6160674184357702,-0.9984094985595144,0.0675829325586784,-0.3052544849975097,0.7311160080200999,0.3271266314267077,0.2434991137267518
-0.6461487012570216,0.5140404708470421,0.23199354512341497,-0.15103032545286244,0.14608449824321493,0.19288712543722694,-0.2071587218521953,0.10027173140149026,0.32036298101611016,0.5380743010081885
-0.6140363202753885,0.6649283358710164,1.6018722118881334,0.715362698491375,0.13050214746290434,-0.1723933558161146,0.12823335186335413,0.404831361247006,0.09219751112978854,0.13236712359257222
0.09850315514474332,-0.33046026785575733,0.2772455783904078,1.1052835621478296,0.04551504557958724,0.2436442940138558,0.6639014070326859,0.025950572192381026,0.20687105554476481,-0.41163064600495114
0.062294153966719196,-0.37859729718498214,0.14923455528851995,0.11676055297101834,0.23370193632942754,0.10583753050983971,-0.08111457748292973,-0.2699817205267603,0.39767097068401686,0.20125183874255542
0.21811772980104888,0.08500191587906544,-0.30263633885048596,-0.5247696996422938,-0.4401608533044319,-0.8276174482344582,0.7048336314960127,0.4093845754823546,1.2488655315944885,-0.38889545535642145
0.7827569421644571,-0.0889550398373305,0.360871145006488,-0.6829189359513644,0.3063082283400474,0.03475716333675526,0.060233237789320236,-0.02208673493562362,0.3539146538569362,0.22310555401345367
0.2087668700333958,-0.20750991262342683,0.7988791245290288,0.2586013515580338,0.08060600649975767,-0.22881138783680324,0.21240520233345556,-0.35646783739779603,-1.6091039038360846,-0.6991504017523309
0.09322087201717684,-0.28754051980344386,0.12729076039183165,-0.43780590483921317,0.29464384113711795,-0.2325867694288148,-0.14186054978076737,-0.047493784426791114,-0.20474941603441482,-0.7906475196435919
-0.012568582118680881,-0.3634001991839361,0.011221444030514635,-0.2455055563597193,0.17401578335722406,-0.1813296450358462,-0.10257352001584845,0.12427131237312519,-0.29445664319550674,0.7411976993192011
-0.7964882200635424,-0.423077552867541,0.7732618432992244,0.34819680601818637,0.4015210971464434,-0.2553962831928305,0.27840265749790055,1.0194982967775876,0.310551789996163,0.8078907896026283
-0.4596246835204544,0.5518457225340407,-0.7480611282425902,-0.1606049141854402,-0.42860561827173016,-0.001838238895273313,0.6516527099644324,-0.26189076776127757,1.0368939619087285,-0.9902348702581654
0.21247055653652341,-0.1320322943521317,0.06319645277708642,-0.06492218822647373,-0.3924144821077646,0.21541814906068468,0.027574216624948765,-0.0061477138964845844,-0.17098811079640114,0.3445176072447835
-0.26608772740903475,-0.34780984051907476,0.03811941304751268,0.58932554673937,0.14815369277044535,-0.269512617566643,0.3627422879349517,-0.033837847776038904,-0.3365261720300513,0.21517494178216948
-0.5352452579848962,-0.06097441203272321,-0.3909050024778065,0.05128431909668933,0.07876621959153027,-0.3073697818165978,-0.44059589762898355,0.023612310175983378,0.5120438660439062,-0.6675590339256514
0.06572887333108897,0.23887093291034428,0.6042623428397669,0.6481849705794107,0.3895371774110985,-0.3294418948202432,0.11555339669808602,0.08079549338784206,0.4850975027293889,0.10584440159177885
0.07766584729388663,0.49561293883272894,-0.43453331445497345,0.18380201166693422,0.2149831512145457,-0.29948909532337004,0.07863953281150803,0.26825647572849215,-0.8360659311573281,0.19686799918077205
-0.20215598586246655,0.9363800094672674,0.4352059303050783,0.7566828081840039,-0.41974722012144916,-0.2573060622746558,-1.0382957474592514,0.22700740738496275,-0.6009675980561069,0.831164843409631
0.29974920059680416,0.2397440242650178,-0.9224017051156284,0.3536104198718301,0.7595085624886313,0.4311798517724937,0.9206285867746745,-0.3921388023133944,0.8614405466816565,0.8303873155236298
0.199856107724713,0.12624003691051383,-0.456002764780516,0.00966748027517956,0.3603307754978314,-0.22811206230087266,0.2844261511606605,-0.4082691149669114,-0.6102984588221018,-0.2785626788850067
-0.1217114131574902,0.2690835066708037,-0.06837636321072965,-0.2679618702291792,0.37538872244846977,-0.5850644716476123,-0.10552071257280524,-0.052515216166509636,0.6429329897518128,-0.2822286826894322
0.01226221280208292,0.4561941498960459,0.13309666947900042,-0.3128865935610217,0.4022589382415422,0.1893104424160756,-0.3855355644816749,-0.6682054952167241,0.1853281420081655,0.7178864901794503
-0.5568207357818602,-0.34893662800574166,-1.2882207902738,0.9032778299117926,0.4739424116836771,0.3419651712957608,0.3788333521941731,-0.2702170760966746,0.5458021270589555,0.06754335192774466
0.20945069474807218,0.42967757495915504,-0.617865684583075,0.016552303737136412,0.3678201715664628,0.17915508949766115,-0.34054146464196317,0.25448279001565977,-0.040776316864624955,0.5144181217341273
0.5572996341043143,0.10704090244180428,0.16968690952583615,-1.2373838588141266,-0.03921734447758946,0.6935341124685757,-0.8226699928914128,-0.48675347942011143,-0.5617565600960124,0.1983983083818689
-0.18356547175554827,0.13040622398174678,0.5891440812992961,1.1371437976449494,0.3850156278204151,-0.4107636555684127,0.958324897835948,-0.32874246344462044,0.3596369508871983,-1.018484131568332
-0.28763418205252494,0.31112009725097667,-0.5169166667355405,0.9599833759084176,0.11510640771575857,-0.06330732640266626,0.7068835353933351,0.11012487603221956,-0.32543049429300325,-0.13196035795076855
0.006537690926672879,-0.9180207069053355,-1.3843310277262604,-0.20587836420147912,-0.27000506072893105,0.590399661256785,-0.7656325124744489,0.3886388579888518,-0.15116036254110746,-0.5027719928761069
-1.6891446016363547,0.17702317754372035,0.4599580568492914,0.26107487150517544,0.03672371499842692,0.562199658749583,-0.327351307664903,-0.5508588518716147,0.16829959166449424,0.19465474569185176
-0.26967167526656016,-0.6888812806339155,-0.5255857624931288,-0.07564724705650605,1.0771723921769352,-0.7854604778792544,0.7372159245314206,-0.3372194852983707,-0.4839879274886316,0.9260807933626624
0.19279106658442802,-0.2678739940724291,-1.0793233540749112,-0.20224531919422453,0.34792838715416974,-0.255003646304027,0.3719624458597106,0.29697226402734794,0.3081653174340733,-0.5515787058752325
0.09924979344454368,0.3871292767764348,0.4051112288518833,0.35638282349877853,0.07192724495245362,-1.3088203900881923,0.400709201063358,-0.1421376058703677,-1.3854531841284141,-0.19154393181677823
-0.6223895136977012,-0.2060343497165437,0.7905175624307581,-0.313554610888915,0.45998668760785144,1.1061685321390047,0.7886498069465316,-0.19527412118591797,-0.7931662960841682,0.5122801275727451
0.3465947525664014,-0.3067836877885807,0.6992741179996382,-0.08989296647284901,0.08087984148135519,-0.6463488599312578,0.40292174053374114,0.41552331862610875,-0.4040433660365464,0.2177844157585674
0.4001492247731653,0.6922289629344762,0.28956322205358753,0.17711901537122896,-0.3062329859261183,1.092284459436752,-0.21538275771507467,0.10266172981487838,1.0876541381410285,0.7783587866355185
0.1876753842087715,-0.5023865654523127,-0.37196574920098885,-0.6252857679527227,-0.8861521720623098,-0.578864043067082,-0.7922120831390241,0.2680945035716275,-0.7008652954845569,-1.0127327832729933
-0.11696338474208676,0.014625671407424939,0.8114291021952104,-0.24952190980286312,-0.4300681775711104,0.6065566079187398,0.178687069917334,0.01929303176137353,-0.2617878281919161,0.3885452037150608
0.08060049051992893,0.3940015878060887,0.12708084956688226,-0.8033271902575768,0.5893645067296305,-0.05192537589679856,-0.10060037128723051,-0.030729882098676015,0.5946447697871028,-0.14237356418135277
0.8198646973874322,-0.1754187653965987,-0.5149155305111076,-0.08221294608231529,-0.08368608434316474,0.2810907260822622,-0.22126492440907625,0.2793638224424726,-0.5600288778054615,0.3065842109119265
0.34766502636366203,1.1609993485549677,0.3537947602840659,-0.559359145820783,-0.5345801195103487,0.5407199429032883,-0.9783628816610881,0.6694651131845692,0.23959351164959025,0.38429936434042594
0.2972894857160941,-0.025777801578548407,-0.7025587415313187,-0.015108649377089637,-0.26130828888404584,-0.0039839612071917345,-0.14949636845048064,-0.5216771020991747,0.564990579725435,-0.07152834992982524
0.3380547183874556,-0.5265929552705902,1.2184660578927091,0.20643108765919801,0.7203417759019026,-0.7616229991925368,-0.9626670030806278,-0.06378148159865726,0.018998877298116244,0.23995890733435446
0.4806931581571528,-0.13712101179910488,-0.17661994793069227,-0.1796998199906088,-0.030411463323964133,-0.4678078187335519,0.16513338599217367,-0.06937300675834866,0.14097560765680558,-1.0944641968933486
-0.8389277580489547,-0.05953682383045414,0.21767804582708603,-0.364258764444721,-0.1311037130368454,0.47576276107385274,0.21820549124962832,-0.641266257464407,-0.37332579559209894,0.2159791407868238
-0.2874035245418949,-0.4525775527328338,-0.5637820443368367,-1.020587919689588,0.08283766738988182,0.17210358808140788,-0.07559166110760573,-0.7599070280565272,-0.3229221211370683,-0.575670693299282
0.08345503658096436,0.01129258144231338,-0.2944487183352446,-0.22900836043137743,-0.9287896176800343,-0.6314151242093005,0.2503197489284427,0.01382556736169514,0.2127771886452057,-0.4455680404583074
-0.1115231566785114,0.02758358277130326,-0.2927420887727113,-0.14174732883025096,0.1930925579113101,-0.4217835380284054,-0.20152355885714482,-0.3494333293653323,-0.920213451203429,0.7626180718868178
-0.09910720689389713,0.16583311949327575,-0.10900914045161572,0.385869727193472,-0.26740722096587316,-0.11611593506552116,0.04894222935052612,-0.3561910547759913,0.6324974035524221,0.5449385239689918
0.29656414222511274,-0.20988895191479962,-0.062287065010930266,0.15703839940415673,0.47557893362188614,0.05164292583768299,0.5397956718429349,0.7509867245665033,0.6703911361553415,0.25799149630942864
0.3786873856417932,-0.179338607630733,-0.21444157791368926,0.9179265508879619,-0.10425378160254016,-0.360704962159177,-0.14066731839793695,-0.31786533714458615,0.2597251649514021,0.02758640803129386
0.041181047075255724,0.12292124196222566,-0.978701296518209,0.8341423000774938,-0.6167397657476368,-0.4825900582200007,-0.32911520054055193,0.38224905613567633,0.39577838373064383,-0.24612089290627093
-0.9231837443115111,-0.8638486338457412,0.545715416848906,-0.8535452757375269,0.4047418613825646,-0.7050799196593122,-0.08894268749486237,-0.08359404932674834,0.07278526464814199,-0.7664433254628753
0.23244103723022574,0.2839248497272963,0.06790039123584261,-0.15349370887298966,-0.6961164298436218,0.01119834502389645,0.39925812134674565,0.5301672505868033,0.3097230267203983,-0.12841786454865722
0.2559717173656585,-0.43615424810529607,-0.07662613606940245,0.6410385948608641,0.41413278070091936,0.6744629843051135,-1.2536976579283805,-0.0879700354612958,0.6855991197731972,-0.6307669122643266
0.7303202902854664,-0.01694908372212054,0.23446006671907804,0.4957593468016179,-0.06712134023947666,-0.074450293142658,-0.44673197648433405,-0.29224769565973396,-0.8581125383184195,0.31834638858067815
-0.34406312066221867,-1.3150762565157574,-0.6467032708595818,0.008715714865074699,0.23036818353620367,-1.2113331842016017,0.09621734494067957,0.05339185897380078,-0.35958886082587715,0.15306619742146438
-0.2725627266921025,-0.3071981969814658,0.21132126556799077,-0.1779799774148289,-0.31349972574939616,0.2498964377249306,1.0316476486161463,0.20803302914504035,0.09710736141070626,-0.004618767645990976
-0.25898308157293637,0.3955292659646697,-0.024061360903622493,0.22083273482280022,0.30754048476843215,0.2294968389614421,1.0940374242855468,0.6263725655997091,1.3770489194750097,-0.3223936889884112
-0.11636623809932715,0.291486995589298,-1.7078865805031536,0.2391453305702256,0.26151305995674823,-0.9059467467928614,-0.1959030658531276,-0.221621775461488,0.4469219154692904,0.0865867701256865
-0.4995351768922974,0.6336312008404327,-0.47826550307569227,0.2855133427574357,-0.02009648451773239,-0.7042997790266327,-0.06275527678209172,0.001345093509085369,0.26901981519140594,-0.21176376985816314
0.035134842394407735,0.30091412512934956,-0.9826185007144028,-0.01178512124263683,-0.1832420268142402,0.2564367329538513,-0.236050132609577,0.29044584744324076,0.14396619325349888,0.2344458488408122
-0.011040336127934952,0.03315615136897196,-0.6809889410539849,-0.9839188080614504,0.1279828993207927,0.13026803235510784,-0.061673852676486195,-0.028415036126029962,-0.27425002642097435,0.14791105242145092
1.8053256133619815,0.36838408231089387,0.24612292834495036,-0.461006192149769,-0.061547729688973006,-0.07398076579814307,-0.30443661473191547,-0.37156946755188863,-0.027474153862657235,0.33714159777079084
-0.5392059962725009,1.4183160156444574,-0.1271895187902402,-0.04560680891124297,1.0445439366760467,-0.09636356557227521,0.44782789755469976,-0.6671222918454639,-0.08316965369851526,-0.37093481323138544
0.08913899531934512,0.06334287751063705,0.16448503481552293,0.8179349214349015,0.43407984420127543,-0.09018526190704725,-0.7026720355677366,-0.0019005189880301084,-0.43785210489085924,-0.643307331476464
-0.1258650275938098,0.10825284261316065,0.42435616057154607,0.5963803222947714,-0.2242865831396919,0.19814169622218292,-0.11497074942977883,-0.06158704236485822,0.25572180480672013,0.7412339345629568
0.9220367911862051,-0.32473137725704626,0.265805581374942,0.6029790840764437,0.6256584325755639,0.3056809748513543,0.20240697054631138,-1.3367457446004016,-0.5222778044417641,0.3404035258875281
-0.457573701583923,1.1559125484585975,-0.6255164321892266,0.29120345827223204,-0.6813923401533335,-0.17049052986951946,-1.1511818306354276,0.6256363466841357,-0.07403313875669383,0.10634665520637504
-0.086595878372555,0.0554651441777906,0.0888240927802678,0.49568290465923975,-0.44531630264446564,0.06130965188386861,-0.5569976229054496,0.001820008374468393,-0.8170627933006381,-0.47347785483479
0.11154567500220745,0.5557603354080469,0.0286307819254836,0.3205713685537036,0.011559619298908346,-0.12101211660723818,-0.8784714597305642,0.009388836893958159,-0.3536415608449418,0.8367999583579255
-0.3885729511139845,-0.1432501115069403,0.2787482871919111,-0.08798865177747109,0.007535565627945698,0.07864418007783343,0.08126210348641105,0.3939900062210046,-0.18607798921589733,0.4603774388232774
1.0184959407283227,0.1327839578736573,0.15034673913037558,-0.7158277237883566,0.32307870243859343,0.1059218237663026,-0.5345055005916581,-0.7514178789991447,0.40685481689430947,0.0667673869220871
-0.20023883017722577,-1.0783129866361556,0.5752742151816264,0.9057676053471856,-0.16430178247826013,-0.48427038492933494,-0.9493767286560968,0.4456466359654291,-0.577941697499474,0.48959285500058575
0.41392455910470927,0.27010550159396474,-0.06407179231016219,0.6489744419737378,-0.09548082840026355,-0.3050610392292376,0.5249990184726975,0.5962375516997067,0.4100739141473498,0.11829708643511766
-0.042569360997159626,-0.13084341604452324,-0.1240865753745283,0.1089005487172482,-0.37896786213883493,0.16813575188020427,0.25105081364762794,0.026063313033880146,0.563318226093183,0.12183271095400681
-0.2017181759433765,-0.65426066970348,-0.21058456801534736,-0.5471959652439182,-1.0684151437163647,0.8126971410569025,0.9324803801141669,0.017368684252156957,-0.678138906568556,0.05334133155743036
-0.4121567852947196,1.515186661920155,-0.08023917171989822,0.44264804012825704,-0.7005605194194212,0.34650493402754295,0.2313675608962786,-0.41516997023173047,-0.7087874031269117,0.2144870030345041
0.3400810109016767,0.34566582947582325,-0.8604672563142796,0.3802803703743755,-0.01015856779357918,-0.6472281016418303,0.1835288244277949,-0.5212502967543501,-1.5080593479742017,0.242279881596746
-0.12461160898390959,-0.596312899652533,-0.8389867543227462,1.2876629979069523,-0.25557543865858223,0.4851267391006307,-0.42796303665245855,1.0214575673606965,-0.09068565775471052,-0.10170111805433582
0.811030434761728,0.40830124013947583,-1.2007987465297292,0.268275662791597,-0.19309450336326078,-0.07418830369899122,0.4072669004797692,-1.1101503454776396,0.3241434928053678,0.1865488611672516
0.04274118131318427,-0.03776921692498561,0.20824464466335035,0.47228898127379026,-0.21383706632206786,0.21587901916187643,-0.3093056836440908,0.11098866121845505,0.1260971363316709,0.35324548503524084
-0.22651982397401096,0.568419260095311,-0.5897340901723765,0.21156336440783985,-0.32405349762791874,-0.31836677619165993,0.1210697149625571,0.3080089888431331,-0.4663701046409192,0.298600444403039
0.16027319152652114,0.30521844639882056,0.27825787649126293,0.04294633727899612,0.004268840747621785,0.4668810929424828,-0.8234329130924541,0.17842408333189877,0.1916465926024836,-0.22916149693241952
-0.3652299667638407,0.2385990774754983,0.258788351875994,-0.5160950269993633,1.1071584447771492,-0.06797545439190411,0.35411262346412004,0.058695486585145236,0.4300875885601083,0.06231129052116497
0.29652981882672375,0.00788187134280307,-0.3167687640748093,-0.7944637635149048,0.1254183289386787,-0.1716006277437094,-0.7684258941338075,-0.91730988602876,0.09794369102983476,0.14546612044659815
-0.3243153268195061,-0.48649584664802326,0.5983597359866825,0.32227016401414776,0.06660438586204856,0.583838801153931,0.19646423540653404,-0.19780775776933196,-0.4405709183564593,-0.1463227543536982
0.024205943565299044,0.4636330847764539,-0.22197486437717423,-0.08960195656720607,0.19238734805798302,-0.14966443133305682,0.11192061270423302,0.7093967240004795,0.7635952360114358,0.6264961020910134
0.4798352203289683,0.0640246649003015,0.16673500658143217,0.6363395511638624,-0.8235100327500522,0.47621382640517385,-0.4034282403860883,0.04806274185021503,0.5600982170811971,0.3732935119486161
-0.6150998765318824,0.3698465013040456,0.34610501380766606,0.24670808119726362,0.02170835905968257,-0.4317905802265848,-0.5005770385017037,0.09516377765630919,0.8440722005819309,-0.13071862598293446
-0.6553532556620797,-0.3037937830172624,-0.13339627629254702,0.45487027392406865,0.3195350855118509,-0.4563773481643253,-0.07515212986850717,0.1302482059959616,0.44768868412704843,-0.03054633657966417
0.2302916561285694,-0.28051131753048814,0.5773864858081179,-0.13561033725504054,0.5999139636247213,-0.3755091754325863,-0.3974999118643716,0.33174488894411436,0.23510633214149937,-1.0151045628846989
0.018893660431312336,0.2752186166309849,0.08766100314221942,0.10226749081901287,-0.27212875508823575,-0.057142956701354906,-0.8548143754354289,0.28277646492548447,0.2801014997243928,0.6730354456261411
-0.4688784079542182,-0.23570973338198623,0.09953304334684138,-0.7245513975475354,-0.292990412337992,0.21734725599338098,-0.41299760849091344,0.11794897157135142,0.058406540417024436,-0.324587768938479
0.416418944159647,0.21451988760043506,-0.22479262491931767,-0.9057383252833009,0.17136703595588543,0.09857294737929899,0.4192343551580631,0.4314424459333644,0.3096275507397199,-0.28911660633159
-0.3114336457468211,0.4305120100722107,0.11350010761454067,-0.024363936621306787,0.39218625475033414,-0.04147101498704735,-0.7368205262046023,-0.18352387368906026,-0.38851497956441894,-0.1288871082348629
0.09187738668422786,-0.016613103411920457,-0.07711044498353592,-0.07740583587524225,-0.2707041415995711,0.13432525497837114,-0.24219878826959385,0.25466666225353174,-0.006411361606240687,-0.26796576244907083
-0.1977460257173645,0.24746632458590803,-0.12441379735176801,0.3241086515232383,-0.547591719615555,0.3349623067032799,0.23440269255483687,-0.006541731515277904,-0.4436725856871159,-0.021158846396255867
-0.320558604633487,-0.22697960483104984,-0.5407239692199284,-0.49424373625785295,0.28855179783527485,-0.31057797139734794,0.053926279830340644,0.10632753124878169,-0.33832374844737645,0.8753270242081004
-0.35401240792878486,0.16514202065830907,0.0985776479299819,-0.4393556109252387,-0.2767743077080437,0.01590427070820364,-0.17141615315583084,-0.6142168015551872,-0.4010296421100031,-0.7576528158623945
-0.21698170416539025,-0.28144200171473643,-0.1451170328423182,-0.1793245595639315,-0.03939330519929122,0.21684815516226447,1.0157384121200017,0.6877711970862139,-0.07077886003078897,-0.035170909573471035
0.15396447327239027,0.39641964686441933,0.9127137772604255,0.43372743750892173,-0.2771022020626102,0.26336930223381066,0.29338537138273524,0.9261558327132434,-0.7830337578674529,1.0473340067704877
0.3643763912068704,0.3066084558749947,-0.558706588427653,-0.01383944513845606,0.9400315920373992,-0.7728518062429282,0.029604804770291735,-0.01369746491386294,0.6895837876156842,0.15595853841324414
-0.3774009801653859,0.2633265585604388,-0.5220668076565964,-0.4604518139744654,-0.45828652588381896,-0.14409590568644778,0.21310193857800885,0.06007609133746705,0.0011026658899937183,-0.011743420095177272
-1.0725859139985328,0.6904752170732578,0.1150818284238068,-0.2549236291593641,-0.0603561161852596,-0.21561383480462828,0.561823133170918,-0.1194727934778492,-0.3828808086024902,-0.28052431375994397
-0.0968033458885473,0.041468622292837855,-0.24709120426172287,-0.4431259591503728,0.1855565008129589,-0.5085301379084819,-0.09240697591953376,0.2430053283697306,-0.09643685398785506,-0.49952745263215215
-0.12105525996283821,0.6401274430917104,0.0737079933015838,0.48414563880810624,-0.6311643920010042,0.13905232287489433,0.2874437466672082,0.12926180593498796,0.4936346193833072,0.9947761384935854
0.20121847484515668,-0.6427109484133752,-0.49198765961793245,-0.48962267796435754,-0.12467490383104557,1.1038799551013663,-1.1448230558782866,-0.35751426566185024,-0.29579929131685756,0.39814336174504095
0.3705172825106013,0.3087573108315034,0.4768650273933393,-1.0712668653373343,0.4674912189893691,0.35285465640517766,-0.23603935617820282,-0.28489146203921034,-0.30691841835002126,0.07780190189813682
0.16738671860609472,0.4764249156797215,0.049078765120834526,0.06527891868310128,0.026548941147752695,-0.383289478589278,-0.2806956978214662,0.1429669412447066,-0.08357423645363168,-0.3443740982306084
-0.17808039577245094,0.288642321962107,-0.2364384733342411,0.3045192565384503,-0.15336517169299033,-0.47086310536545556,-0.06598623109436674,0.7397318060876009,0.1621570873237719,0.1810324113075698
1.0772569561666179,-0.5977308932084802,0.2014142154757949,0.746833026324243,-0.05311927059814326,1.403801548896501,-0.09400883963187331,-0.38332556872350765,0.16837394750647522,0.20197970593102094
-0.41140992153031075,-0.24637547898876036,0.3139645823832657,-0.7230904249755584,0.3592811858844444,0.2893218911787069,0.5803001027393808,-0.7228831862435277,-0.38860712475646314,-0.8421795733050587
-0.28932398589738173,0.0663304980381819,0.3577693594756236,-0.9314315096441735,-0.07396268757088305,-0.19500802250121593,-0.6376585713077589,0.2932964663344317,0.1284488989308683,-0.19034574066651805
0.6625567621546626,0.32906884063150044,-0.30445391690503965,0.31586044507010047,-0.20389820184460017,0.5861524957255619,0.01253176920395399,0.26345515009188775,0.6494647056457578,0.31270903126602384
0.15064320563475256,0.6383610581474133,0.014365538065304079,0.8035145471847467,0.1839217294610492,-0.7935155650446758,0.11340739212933051,-0.09374604072211133,-0.12337543889963698,0.7323932939431215
0.16879010151500007,-0.513274751562754,0.1892810973828161,-0.7567337772479782,-0.08824585937396766,0.14823459714684,0.46468126819117583,-0.26180195670323303,-0.1256340995967914,0.7231185319589695
0.09156756252707493,-0.5373247572914887,-0.5536446998124691,0.08151773772233113,-0.39526948454249494,0.28791594821372746,-0.23894124279140008,-0.16135959003420935,-0.3876621542070216,-0.5978493821840846
0.4174383962376147,0.45611893950418425,-0.626073807034724,-1.4245272603294048,0.46009631405316326,0.2768343500713914,0.1250729735755922,-0.17562594444568674,-0.3412374883432229,-0.6263753017748462
-0.38020054855384233,-0.13870469857941234,-0.18714217875608077,0.24885608397576223,0.6158850387611883,-0.24164509025794195,0.5198831526663856,0.5342704746021963,-0.3980796015496235,-0.943806696405857
0.0574414639851246,-0.08063929992858133,-0.30049978918505976,0.1397319702518583,0.10897043251444365,0.7489216292602975,-0.43027221602526267,-0.0667655374740731,-0.08312370925959876,0.0726301635174501
-0.016982701207533167,-0.7034860281820723,-0.7607144016817137,0.05034830484593113,-0.3878802399813286,0.13651085095018706,0.5408418083630443,0.2285220197375772,0.18633745149934117,0.2059191062132211
-0.3862310193291679,-0.2784820770800308,0.2945477362731418,-0.5151996126495862,-0.23608573916084652,-0.3501482216545839,0.11341326142424084,-0.02104748544334608,-0.08125062398787145,-0.0951876762045777
-0.045219423521824634,-0.4164632779650664,0.019779012720348724,-0.07030985375308248,-0.634669111638796,0.3469830899344924,-0.44969102668661426,-0.030479207900523966,0.09595086738022217,-1.3683359931501002
-0.45419645782060675,-0.45862642374683565,0.9306325675118396,-0.323221139172835,-0.3507736734513292,0.4673712280134955,0.1383388713559779,0.5495031213179957,-0.49428382591282016,-0.1839801145258182
-0.3628891400754901,1.2547027695702413,-0.20772491402086957,0.48984631351405844,0.07821068926584406,0.5352558114480446,0.053314523467810564,-0.43857599875625664,-1.1107808515659257,0.475032414567428
-0.3471895772567784,0.26687798584117933,-0.10703681622259222,-0.742978653895447,-0.16095700453323256,0.8032786718191781,0.04090773747369874,0.01712939919835599,0.1492765991307134,-0.05392183228806747
0.19350222557277025,0.298807147230725,-0.9856072217490968,0.010424164747103412,0.5423538475960195,0.18905402700942284,-0.011307155082537344,-0.08920490581324335,-0.36560937626781925,-0.572432730806158
-0.2216815537557393,-0.08987440038307805,0.5888104519735967,-0.2692884998056908,0.10813222147868888,-0.6617371663544183,-0.054041674917336864,1.0122489067922882,-0.3928516600678467,0.3878101898837271
0.07593114583524192,0.295991241032791,0.40795989332923116,-0.4980100693044486,0.8335142627293014,-0.200161224394766,0.3514897420512891,-0.5151171494044683,0.19571846945774582,0.14834882394493534
0.21681073243879626,0.09371331304035771,-0.5348942573912648,-0.22552534343029967,-0.035661338831666084,0.895295226714079,-0.07363450475051932,0.0331567137137494,-0.33711791591858076,-0.2658369750593529
-0.162209324950935,0.6373389306780134,-0.24584664344819368,0.9602337478394728,-0.03634928212977902,0.1992745144672806,0.3529579651514545,0.15787534136252665,0.3664614767739516,0.37660108666713094
0.5118922788151822,-0.5023426797147926,-0.39609342487799437,0.11448484627280285,0.9347403422481687,-0.14830578595771832,0.5704068851164729,0.5554244352959881,-0.3447713309280473,0.21525188532062178
0.04802264886906636,-0.5511978900053964,-0.3352709354270462,-0.22709052739534025,-0.5701740759072083,-0.09446360423335887,-0.10704736201972696,0.3504946220952114,0.3120226674501751,0.04167727942704331
-0.0027548621344188127,-0.4518364710705446,-0.5536609829000473,-0.4459633505857607,0.10207948320554883,-0.40188986567013185,0.5277931960699185,0.024353657804319646,0.17385271464795476,0.19740666276389435
-0.7905216506296672,0.13750651970664496,-0.251988686273743,-0.17721496920245286,-0.07040282333462365,0.2474535549202391,0.1593568078767076,-0.550417880424786,0.45496135970882634,0.26692813771751717
-0.4850705890627395,0.30543698299562255,0.16682668905359413,-0.003671588227487752,-0.3039097325586448,0.48387684353560345,-0.05013319557801941,0.04151520426993632,-0.8495314493347469,0.7460464751869049
0.22291366534649024,0.2262523832825308,0.35378373893584447,-0.5784210706696721,-0.35327218994559206,0.025212453433715944,-0.3309527873417636,-0.23413592204670816,-0.026550792112021774,0.1965204518634025
-0.33217742710671366,0.5017456371765866,-0.28835317319298687,-0.21221027108612503,0.32315720654653296,-0.389915939892157,0.14306025836086828,0.5323065460667522,-0.172818454893611,0.07287617146917555
-0.04989204539010493,-0.4857659883577252,-0.7060725600309895,-0.3073442561537418,-0.7230482436380048,0.4869721659829606,-0.3847494308368127,0.1130324298891512,0.2952484182245871,0.020103002457363732
-0.25498201455426106,-0.24039876391885195,-0.5026939731262471,0.8276625189335896,0.42443789038033175,-0.1704166105601471,-0.4896193620607691,0.21156536973016438,-0.14226380027817653,-0.2539028938114288
0.15026454295165875,-0.39413938360681,-0.19818093337941467,-0.2254428575662632,-0.2894910987051591,0.061239949900058474,0.8429151390389027,-0.464199099916718,0.17399917204519103,-0.05734441197830927
-0.7061303061756286,-0.10862925117396545,-0.32737812558701795,0.19686781809489742,-0.27849880183295384,0.4624556095053981,0.2936822172674939,0.47060754050291864,-0.09691042322860523,-0.5340929678308243
0.02765829411721995,0.5967023797082059,-0.1260776682228037,0.09425355168621313,0.058408022776335285,0.4844230318925589,-0.42128642536288785,-0.5783398806195068,0.44690876028929627,0.1298916721920511
-0.3224587769780916,0.13775580484394073,-0.08555657672813062,-0.6676832526914223,-0.3272794931125051,0.4389375193281767,0.46964209325486617,0.18137984815547395,-0.3371075985127862,0.011876478156890932
-0.1554157827346018,0.658971658274397,0.07632835561119308,0.31723474519363154,0.6089839502391732,-0.08698418138848285,-0.26225241071870536,0.22495609685988963,0.16407756610941454,0.3389748775246762
-0.016718582578425015,0.20839359746248895,-0.30368036485737926,0.4932894134652133,-0.5003103454823288,-0.45433022908220677,0.05854381105784553,1.3801584987921924,-0.6221781501920646,-0.7767878146631547
0.4787456650587805,0.8657163750412589,-0.05654371536159608,-0.26520345961230263,-0.5676100427188204,-0.5879784468039968,-0.12790246848860648,-1.4690711364718645,-0.060790913151478644,0.05511435646684031
0.14093004878198462,-0.7266311268818508,0.04511402259119148,0.2730430482439335,-0.34679381985689656,-0.16924341577819835,-0.2228387190558178,-0.017089641270395486,-0.8005102637241167,0.8477243284904791
-0.25833076145791783,-0.10550228190529157,-0.3846806239971808,-0.33445342391274924,0.5733224330264679,0.38106208261760044,-0.147610939504714,0.5440943516147948,0.4000022075365425,-0.6957671685532131
0.35668839622754095,0.34442575631217837,-0.6342625794448031,0.16842275662058812,-0.03780051533082113,0.6674996027344308,0.09077899729842188,0.2562787646634515,-0.19694308260146345,-0.649001070607852
-0.7003829245215989,-0.394374259037512,0.16461407428083227,-0.6664578835103153,0.23404166702528298,-1.3502029800980038,0.7884578748174456,0.044223231011528426,-0.4742255887422989,0.018572795707602716
-0.18606267609831037,-0.7940702369487781,0.8840896705042208,0.31927875960240026,0.4179016439679993,-0.8863629820398005,0.3276482637465023,1.056165756314663,0.43603923937318767,0.13761239325082386
0.7623437758334114,-0.10704693608430935,-0.38971827070798537,-0.09970994993667194,-0.1476551502117996,0.5581277030448843,-0.11781041862602593,0.08898934105058398,-0.5422260440377219,0.39811370826959436
0.03052768690311805,-0.16188540820219224,0.1494208358948467,-0.2305362708894289,-1.004829766648471,0.7864810971192163,-0.39663148800968834,-1.4235724664722111,0.24506746540506524,-0.19202534391428897
-0.07621550035031924,-0.2704176933221367,-0.3758523109862532,-0.2006902691845696,0.0029844262124282595,0.46398695434185727,-0.33995405934530853,0.06343816461428074,0.32581520624838517,0.45011269672549065
-0.8598524289773966,-0.6156065469444263,-0.03492039695154746,1.1861587023326665,-0.9149886738638054,-0.5643640980974506,0.07653453070342353,-0.5290700662970051,0.06624905395271087,0.2943764064210214
0.4794391477991745,-0.9724183024279451,0.26524747275814775,0.8765204215544626,0.45950755125653037,-0.8122182082213276,-0.8132627994118647,-0.15210990559976256,0.19428003058113677,0.6219748303052148
0.08214026272700974,0.6670473067522902,0.5622526780306132,-0.41077129476887375,0.14650881378133326,0.9536671643268009,-0.9249607432108762,0.7476910176346349,0.6322101752936038,-0.42996956765624617
-0.11637418153996547,-0.46896671018794245,-1.1535549626364316,0.24631191788029136,0.5816523504034957,0.0019252522045468316,-0.6833094802534219,-1.1163141977048328,-0.10045278738520691,-0.21735363731626758
-0.3539155327827547,-0.35526003959316205,0.13762259860293977,0.33040668475330387,0.12259219290172584,-0.31981882740348905,-0.810580831898471,0.10864710775284273,-0.10154072536476409,-0.1357183195712753
0.47224017633795334,-0.6483731877047427,0.529592937538093,-0.4238076123391983,1.0607380153101322,0.8323010725787999,0.9253430635572157,0.048057712137621236,-0.08233093883848876,0.45338716318116246
0.3811201193351953,-0.08152678204662148,-1.1088139662662115,-0.6463571198806268,-1.0755899588910602,-0.16429718022107506,0.5536846520672818,0.4095318893199402,-0.48851371802339355,0.28735334055675327
-0.08580070373991248,-0.42871490182167754,-0.5409918111964779,0.12049448867537577,-1.1500535603770798,0.07450785003613676,-0.25973745488751887,-1.3727625160692147,-0.04190888725316286,-0.5997808536079723
0.4046482602032955,0.8153964381776062,0.5977019657687463,-1.229178028840084,-0.5325248743305006,-0.417565079773658,0.5019744771955753,-0.48594859709979304,0.10919769824498128,0.6565572789515361
0.14146557420663533,-0.14370930969307366,-0.17784093284019648,-0.28321621545813175,-0.3237124283430458,-0.011967345984781611,-0.5647699382755689,-0.20363838844517287,0.04225828888372809,-0.4706194367157456
0.11312029070601298,-0.24088318902487396,0.8148951856780453,-1.0163626093625218,-0.5061858715749585,0.7254824017083253,-0.4128225261239197,0.22677256535361556,0.7204351602036319,-0.7419793911940502
0.07483357730105042,-0.4330373694124956,0.10140142616567602,-0.2453755631015306,-0.29736829855090485,-0.2879655152235099,0.7848972427738031,0.33066377571393013,0.5292747532703123,-0.3187278952909532
0.3360666725443927,0.9234663382743981,-0.056266731853861135,0.15053647368016992,1.393536867462698,0.2610378471850795,0.11103452764114351,-0.00883207424170437,0.13582417632897056,0.9437396212668365
0.6299607950278924,-0.24534467558910325,-0.1096861759511519,-0.5350269601336194,0.33437369360179214,-0.019132024827079742,0.8134221105617137,1.2166436989057015,-0.4994168972269059,-0.657805531940814
-0.5791220880460799,0.27610533824912353,-0.12873660232497242,0.8151301983037719,0.4922307159618881,-0.40359998633639516,-0.273526660012876,-0.6119988201413493,-0.38808235538349156,-0.1025709933673224
-0.8707004722156828,0.2296272611395321,0.15118359224544434,0.25235095534958046,0.8584391671685722,0.175342710629492,-0.3811932174607173,-1.2516013709036007,-0.33542908645993064,0.4601197411328925
-0.08697636222077146,-0.8415311289289606,1.3527926331193343,0.2952254735815522,-0.6324961843894209,-0.178352750860455,-0.8060494330448057,0.38884400366972294,-0.20712110905438103,-0.003163381692627867
-1.1148687385685043,-0.4456331875305692,-0.6342569468712007,-0.18352590025429247,1.2298478351068254,-0.08396110231874067,0.6233856072401788,0.4043979546460863,-0.058034138386940125,0.3927816471989511
0.6976656537141134,0.3549434055781083,-0.8130892204866927,-0.05084512178586618,0.20522062255027107,0.11753538989527108,-0.07649231856823042,-0.06125304094424099,0.4280576846064527,-0.4046516083358801
0.5798106240685165,-0.6473383210762748,-0.19113062814920703,-0.715912808383311,0.6035219762192913,1.1997949947988793,-0.9731507374291868,0.13918022090505597,-0.214906914556879,0.05434700906880089
0.646970646713281,0.07086365418915883,-0.14919174218718959,0.2726834053487041,-0.3082825708314533,0.7519667140216826,-0.15956607490648067,-0.24497397123561823,-0.2778606590027332,-0.3410833899135381
-0.5513373706743381,-0.6626531640049661,0.43200002961441125,-0.6321207527282795,0.07191799383483066,-0.01419221508662356,-0.4780754027636972,0.05763224939548397,0.19589089936470439,0.15821602031286142
-0.6260047235346952,-0.1073295238807775,-0.20473010983382178,-1.4226645502573196,-0.3779544112285141,0.6734238751703128,-0.4114844581324805,-0.24862786360706776,0.8017024808755985,-0.08336688619271952
0.1349738817665597,0.1385811663601197,0.5364103055277079,-1.3467497264347132,0.4476687231666226,0.7935646720265203,-0.014598095492494446,-0.3137658282824204,0.2649003940524536,0.7680677891522578
-0.20513061537362054,0.0026923075629432993,0.08713191208444902,0.6316587942947063,-1.1634303114785072,0.6268378179417172,0.1812426545959922,-0.3367218028751421,0.18189520751136926,0.04099539070578962
0.2661609001477344,-0.24475602325712295,0.6707882111927483,-0.31825638217348096,0.6616812451471427,-1.5743277738001835,0.21163916407849023,-0.29340053405652033,-0.18753687613093134,0.34305925260745684
-0.22181025077846114,0.6178793571145655,0.06626811845547893,-0.8943341260150565,1.0778983200996675,-0.1995905383684178,-0.6669661395006304,0.25092807825603086,-0.472351448555468,0.8029470192075561
0.3756651654513442,0.3072697449296219,0.4672779089866168,-0.9184799783231242,-1.1101876787055547,-0.45614583558813876,0.41074389258952954,-0.4265702783595249,0.6269341969134955,0.3385828559542032
0.060010684763532655,-0.46144280389011516,1.2494062870437783,-1.3808174205053758,-0.19060154199332574,-0.3096290490097804,0.19556053695428055,0.5431570968170559,0.11348542213445223,0.12331994262348454
-0.5773214459038948,0.4150495181212712,0.0874963277892281,-0.10470419360825779,-0.015988063815670746,0.24793569974268034,-0.047075712481268746,0.367063521906471,-0.16594478312799454,0.3676454577538604
0.5967090093060438,-0.4181368844698321,0.1394043677340163,0.7627914321158531,-0.5254347951554851,-0.10597915819757599,-0.08327097188283768,0.26026079702986543,-0.7027455372307169,-0.0441664368549846
0.04181358865880262,-0.2001331680192943,-0.536837507561985,-0.3131597944111483,-0.2917541438110544,0.0915583930000653,1.0415697705870526,0.4726137138514631,0.6008075949235476,-1.2570558878955476
0.9105217573286166,-0.04928660725429258,0.25659785314453754,-0.23880622593808995,-0.08496185813039758,0.17151533508506614,0.5072400784859691,0.9616438824215371,0.1908976403330129,-1.0902428160670092
-0.14770422802654068,0.6256394897471511,0.5784824292342243,0.2903171003259361,-0.9743556824068912,0.30472548794738474,1.2821548922425714,-0.4669134266631596,0.48769339819501606,-0.3271614374021635
0.40906114147079325,0.19595770733559764,-1.0643781027745658,1.1176689298903764,-0.30925939787782636,-0.6453813372933418,0.2834179832836506,-0.6918834760132102,0.30850391263582294,0.4439829414438785
0.36374933412657495,1.6567102966456213,-0.2502733212018864,0.14662619400256996,-0.47864341502611857,0.03941148223665365,-0.39019416040983335,-0.24489327617209575,0.6881936796453799,0.288358249001582
0.6430160924612683,0.8159076230558242,0.3179192637512296,0.16211953803056406,1.4304510791467298,-0.7110489026804675,-0.006921487999637861,-0.14314912086485543,-0.15725586449816129,0.5318608508913406
-0.09209977416816933,0.3487921405475566,-0.27650148773543276,-0.1117965018311847,-0.04290038955164079,0.6666261895763573,-0.11185546331394725,0.19568513778598123,0.16616168565180475,0.12471946847184719
-1.1197466550850166,-0.9473168611119606,-0.4884107749889793,0.45491885414826533,-0.966829760599479,0.30306231519765636,-0.3680507570667744,0.10678204872940719,-0.2824297878252905,-0.0825768926953066
-0.23028556708684475,0.19587622422700582,-0.5930668544630077,0.2099691343200958,0.03115908318004868,-0.25546917445045414,0.7878274637740188,0.06973515972875417,-0.06774734236292444,0.07835827916355857
0.31338498573454093,0.6834258359137926,-0.7827584262652657,-0.12600063697258726,-0.11745144693004295,0.20511946961786673,0.11414639832404472,0.4575948518358557,-0.4806408491537891,0.011012726689458612
0.203775625080099,0.4800144290152524,0.4130656491124467,0.3991876763426409,-0.8212369658269826,-0.2942858492803668,-0.06911756778084498,0.5185021306311022,-1.259391349102175,-0.7272200387032883
0.33017408126196574,-0.4420336071823436,-0.17406096254929956,0.2638048308939158,0.018162687700297196,-0.28884431866149163,-0.37072234853962427,-0.17434496524382456,0.7356452126224062,0.05261942809148691
0.05004787883190166,0.16010565713427277,0.6705761349995929,-0.07393894575450423,0.24311784127149902,0.020446843265455244,0.09543659606404946,-0.5264328915188153,-0.39086502715663335,0.2568151490112362
-0.1976450892852058,0.5312238617557202,-0.013358922190006629,-0.8425116360945797,-0.013673952330019275,0.8092580335304066,-0.36362074306428227,0.3252560372491782,0.2762481937062046,-0.6984137955008334
0.4379837936795379,-0.05426205321841155,0.015526889055760018,0.7239382741196219,-0.40450567113308095,0.23700752157722665,0.18034370963319715,-0.47109206656424557,-0.04906184651367792,-0.12826656244792578
0.2098218752014152,-0.33783789385340623,0.08317595573420564,-0.38936138161615297,0.22459155661061778,0.2088682498463423,-0.6567621677524703,0.09061855871611058,-0.22081754667417872,-1.100769393567214
-0.4457302358231028,0.5149625298062636,0.16519466943333924,0.04512997182686308,-0.3910229005971173,-0.1342110026972035,0.6837542966419949,0.6227486675252866,0.020556152637997586,-1.5043832969996127
1.2910216490860418,-0.6798960486462254,0.079815661700021,-0.13955120925697254,-0.3140378072939162,-0.6195774225784791,1.1829046691772214,0.14035424972434243,-0.003343478866666431,-0.3641291350413243
0.6276796613558436,0.32506725701882166,-0.19598805575150932,0.8220039324738614,0.2377282674293258,-0.5979896188980439,-0.10303862286065663,0.4007503062964266,0.1046228805170674,-0.4243614718432346
-1.290163982575725,0.6238608452316213,0.7698298998967024,0.43554613317467505,0.9554221757348557,-0.09931953248715163,0.2098319735258881,-0.0272998725711163,-0.35066957558056916,0.16024021948409886
0.17632404515563269,-0.4379181252897663,0.1713234295353422,0.21309901295206074,0.4899621390544002,-0.6561007372137203,0.26416207361173233,0.24048953668001052,-0.3703642238546221,0.4424564802452392
0.8518810149810722,0.4484218066143871,0.38802374708957593,0.33330317373352364,0.02591268751512642,-0.0400288315248554,0.32582554466362124,-0.2405072687158466,0.37475670037015285,-0.893501421994705
-0.6687574275536737,0.12192692401298601,0.9138939253783153,0.5167565212512933,0.1542124786779803,-1.0566620024668427,0.6594734566219975,-0.10065793170754192,-0.674704331006966,0.5436479797635945
-0.24693660365010114,-0.24807057828529475,-0.06734683668929271,0.5725672016215885,0.05748731635619273,0.44080373712810594,-0.09251048024895624,0.04073622940687947,-0.3836295188452299,0.27748233352049684
0.18398899186431683,-0.7682110917559353,-0.06966792739511275,0.25037529166850736,-0.41541970463873323,0.13849649087578392,-0.38945361588619004,-0.18801108861554736,0.026710668857880947,-0.2362811031401225
0.15130262421868493,-0.07545225648156845,-0.5674499343467019,-0.1969571573686706,-0.4047998984625984,0.2073136392306885,-0.11468160923247273,0.17409121776646352,1.0871246289272025,0.03681892119327929
0.4863615612077134,0.2135064357548003,0.46295311929350624,-0.043415338547630376,0.14360061537634858,0.4692704684687795,0.252537553914022,-0.8543200074516474,-0.34645141508951205,-0.3807081983767474
0.14483634256204267,0.6522884119427171,-0.35067568646951497,0.44956719957253777,0.676624446243504,-0.5225486245327021,-0.43888860171369154,-0.7154335728997485,1.3090687931998601,-0.205650857589626
0.30069275222651,0.17340421499678074,0.4139099646822315,0.32490851141327587,-0.23488684391769982,0.14272343238888702,-0.3999442819770959,0.008471919279382215,0.25951967138279697,-0.24431813509086267
-0.7123894876679231,-0.41473570189764813,0.05249542856664751,-0.06280512421926325,-0.09841444573863935,-0.11261380266655142,-0.2345958426674203,-0.27257572936878754,0.07760513915477635,0.19060360977608445
0.38782046070334075,0.052310399947163064,0.03417054360767073,-0.7468985325888916,-0.33153418235991367,-0.1078822979990554,-0.36346794444734876,0.4880988758588707,0.7120940151124255,-0.35654478960634767
0.3820452539451967,0.7340030127426949,-0.20955992185567862,-0.04190743397540489,0.19361125125401155,1.0094981257453297,0.28470523481224597,0.57626393757597,-0.3175930388010076,-0.17591779278909525
0.4284597145849693,-0.5993354358392141,0.39734156372775953,0.021621444494432353,0.09945400251370422,0.20898575582931883,-0.04045756835756928,0.5689855599033089,-0.8587130178381684,-0.08309343141366801
0.5722057546507688,-0.34957415267979675,0.27522333046788994,0.8119483367861676,-0.19391638337332603,0.6535262013341087,-0.40247824283401984,-0.21700171435288787,-0.3843702436860299,0.1530455383391414
-0.11817751830676969,0.6948448117266252,0.9236653406537426,-0.11344615629485019,0.035921068024536804,0.12237597494227609,0.10288558184779689,0.336476785723427,-0.4668552813997951,-0.1381099463393934
0.9629272430556934,0.5910934311614443,-0.6394684275582053,-0.1253707434418028,-0.8281860370708914,-0.14701587768302624,-0.4248918345151842,0.9380883714751908,-0.5846363146425942,-0.24305952407816828
0.08141502830885586,-0.019554819048153677,-0.33344558325466434,-0.32147009756915057,0.31344694710251,0.7689675900428049,0.30226822953707744,0.10006900720375143,-0.3449033835183621,0.07969530321756921
-0.2822040310242048,0.9353688654195791,-0.9101377085583461,0.17777844194017733,0.493155796050704,-0.04531060292981772,0.26271468771149736,-0.18607294222696127,-0.5976149962276832,0.6895895373495058
-0.1404506875510431,-0.2885798229193751,0.5519980968863485,-0.00727612693259634,0.4942149640046599,-0.1352080524110318,-0.6007255695236596,-0.0009737524344817687,-0.3858405921149395,0.25543134686857083
0.10791574229772728,-0.21511471075562588,0.4154020315768567,-0.2489621788051841,-0.4482313492405031,-0.12728522120697336,0.6270788318062352,0.44911266367209635,-0.4740671826856857,0.46084923035814884
0.33796468137505764,0.4121903612235166,-0.1452238232502157,0.3240160451609504,0.2676148633885909,-0.33438740854410304,0.18211612421085685,-0.16885411678242696,0.01585536849323023,-0.15867504638697513
0.3509308379467472,-0.3519159497907841,0.40259314703452515,0.3821891516127265,-0.7133916375875632,-0.03900891061137467,0.884980080924949,-0.5210416271270021,-0.14133141202451108,-0.5694967927105739
0.47517494637253055,-0.10649387280152457,0.14890350694667065,0.19282837185675974,-0.519163047940176,-0.12502004709572212,0.24887909525515037,-0.3721207319433422,-0.7293104771288236,0.1311518183807634
-0.06763360597784684,0.26703581226598777,0.32538351541020305,-0.55303063250242,-0.28952480794464397,-0.37759939197804293,0.19237446215585868,-0.048035032544989587,-0.17635460809778747,-0.1643929867686238
0.6787814969179651,-1.2023741051480674,0.3356064134053096,-0.621867001239738,-0.15489179645480228,0.2690706487354156,0.30084387660071754,1.132003859658902,0.6057866692743891,-0.13396412311239492
0.26258675307633456,0.2733522134063863,0.4955229308563607,0.40661372046132704,-0.09484263894752594,-0.27542980817146,0.25968400743422887,0.1837676246497112,-0.0950630935649344,-0.10706178707366519
0.43803165113796977,0.3585359088202322,0.35943996088197894,-0.22877937414858157,0.12323785144836025,0.7042004801776939,0.27366535022879546,-0.36958808098423845,0.028268162809669563,0.1431770226187519
-0.2934860785358507,-0.22665949849659284,0.52475500458608,0.14763494183276368,0.06467145178887118,0.6738969172716365,0.13023351158200605,-0.35456469343645114,0.7325020199648234,0.8138776463273371
0.10557526115050693,-0.5944184863327996,0.07354975221060618,0.4629824590963537,-0.395289550999631,0.3415332327048186,-0.4228871960402679,0.4203605042107174,0.24475526390595254,0.308339508971175
-0.0123275828812997,-0.16359363546717848,-0.13512639697562484,-0.01474911612863939,0.23460175801211372,-0.13381148794600325,-0.4560628907897024,-0.25803416981791366,-0.1727776056712725,0.10092922095832538
0.5791992012434082,0.7884936472174291,-0.47825745694632354,-0.6889371374590114,0.2745142629513547,-0.7932894129664301,-0.6142294860628635,-0.49010132862323735,-0.10968605048196486,1.1810835699028974
0.18351229984746326,-0.25973424423331887,0.46335190506372714,0.4118625004973956,0.20455831815259715,0.5400741762710947,0.28318509663548513,0.035565228478336104,0.5090599895033646,0.43106549123051263
-0.16954374899187158,0.20866734161777267,-0.03762485389598351,-0.09274013271080819,0.06624023540668185,-0.24347488016057442,-0.4212670233341772,-0.2192684710866214,-0.40958105363728226,-0.47181155913978207
0.16511052476237653,-0.2001035826248641,0.05400565658797683,0.3193317521118304,-0.47745325112274417,-0.235540913956747,0.10469551643154593,0.23171109304863133,-0.5535889027324374,0.5885106219303191
0.24292248860864418,0.032968670843062514,0.22538329678844193,-0.11768289909630811,0.3552729472573987,-0.10658226171785111,-0.22802124801530754,0.07586435042067,-0.35507145312358723,0.752122439251572
-0.41993480578922193,-0.35969793646542714,-0.5882415205226835,0.41887377591403885,-1.0098628170798924,0.07554459181999221,-0.014617651295182128,-0.559449358487248,1.0005162973637602,-0.4024533463911743
0.24371239979960893,0.08809104350373902,0.14822170096073697,0.5769996900421498,-0.30046802874604917,-0.7776289762465319,-0.9730431480525593,0.09739261975374446,0.650286156504506,-0.4704544527044758
0.2753429364965313,0.2113449617740862,0.32732755638030714,-0.3642322378664486,-0.3988313495091938,0.061839135284949956,-0.37175908358249016,0.06132260397788441,0.14896620679365244,-0.7550844628548565
-0.24317442449782992,-0.3895174084392895,-0.043515807140161185,-0.2208914844136708,0.35898885063836256,0.2871254403666879,-0.3453590742791943,-0.551544666363228,0.6536093804675799,0.12241503370507052
-0.6412115213893534,-0.30448871044285053,0.09189691801846953,-0.43754268953678865,-0.21796964964310725,-0.14320447113317536,-0.24984384969387338,0.45647542340892927,0.024316648580651086,0.317968062165924
-0.9126353896773173,0.4834001604104487,0.3257489748495748,0.8620921837639595,-0.5841117335681086,0.30197060613048216,-0.103174290325544,-0.1938788900174659,0.06993658316004166,-0.15480125699102087
-0.8175150065371132,0.1577197622077483,0.442810867232821,-0.759471439143499,0.30654448233806075,0.46408873924099914,-1.0712647610625399,-0.37658636371644405,-0.17892677388138264,0.7423216020266392
0.27652927242680186,-0.1073668726892417,-0.07682226303631647,-0.33907584870215357,0.015633005343027976,-0.024230334274078044,-0.023730314924971324,0.030894450204567204,0.007324688547438698,-0.09382905447672578
0.2788054300841062,0.8823028835637775,0.04319532776922284,-0.05645145680276702,0.06227569072492553,-0.07752780129033389,0.4462858347359289,0.49444893694104347,-0.09061133378132397,0.5963878890185405
-0.39361509971779374,-0.19476675933472454,-0.6329604158856101,0.42028278687659,0.12429047955278874,0.12762500326384077,0.04792209479491264,0.022968001913508063,-0.395993298246029,0.5615232453219509
0.027329934610295984,-0.40290607425243513,-0.4892188296347995,-0.5815214891744167,0.7464324784195888,0.26283491573681167,0.5678986048227213,0.6497103103976867,0.3047104923325106,0.5491270662328401
0.06705745958425399,-0.08523570604674187,-0.38572804976358865,-0.2765440126513083,0.4794768392119997,-0.3462027378429672,0.007321833759530602,0.5982058473995095,-1.5590351354608647,0.8173990536114266
-0.31169107754225284,0.3379273708486075,-0.04907551690579089,0.13015116712597863,-0.40983147923567115,-0.5830478283510708,-0.08407126258010014,-1.4151597245425214,1.1171093686886102,-0.07414664882202351
0.2055294681368599,0.18637672936759964,-0.5953894728728821,-0.2761802434540419,0.35796606505250866,0.37239267586220864,-0.5588777285293097,-0.8088054910941334,-0.45772441943496994,-0.18838361646472704
0.2300720705551669,0.3561987107082223,-0.3048201901750475,-0.7437916005821783,-0.38787059734432866,0.29316142095166675,0.018837862321148015,0.42439183508845474,0.2669919858558853,0.18591191319359981
-0.6186173774953246,-0.1019929503102772,-0.14871379974322807,-0.0292467521384844,-0.05503822424562297,-0.2517771507877972,1.5458445984225857,0.20162964573632625,-0.639983871340967,0.2415632600264289
0.6014237632020837,-0.10471710586497296,0.07706732444577548,0.19791612195182437,0.36395504287922603,-0.6624613697645445,0.12233992892218046,0.21928790928719796,-0.716926524649032,-0.24980432242310607
-0.7161706296989443,0.04108600428194015,0.33459654846119896,-0.1558705433029641,-0.15169880189957366,-0.3170074967246607,0.34508296826224266,0.5706448982809239,0.5439250176758836,0.14522060058737407
0.6474217357512683,-0.035010902783855546,-0.16215026425773843,-0.19493965940336505,0.5026920501498122,-0.44423215750859213,0.2603258437411866,0.148393603158077,-0.4874703786235368,0.08377820451420814
-0.14153526019406817,-0.07900466341719252,-0.03249728000214933,0.4730388066510968,0.24841872115058544,-0.947124708442047,0.16496498914393112,-0.541874935257774,0.1617024308011778,0.565426476698997
0.1981610578840165,0.2249812381857949,0.463218238086575,0.3810494618834148,-0.077103758218468,-0.028742920366388976,-0.45811233430269016,0.20587538110309278,-0.1678271674161376,-0.6470737413684705
0.7933940322269998,0.02226934775723623,-0.9492437286048997,0.3283963475100471,-0.2120456249366575,-0.07124230503298923,0.07807450827740754,0.3046908007118518,0.08763745482408006,0.1019428107720783
0.3565667551240199,-0.07655038291833074,0.4238361835702424,-0.0071895216298749716,0.1550826485246587,0.16469005213739837,0.2900052594083207,-0.044806060680694274,0.5578691206264201,0.6764277111338212
-0.0006606285213724592,-0.21502839958818826,-0.15242689733593584,0.08936856007100549,-0.215233310523243,0.08296386152580673,0.07337236979165769,-0.48081870491236756,0.3055740478685894,-1.0475438432167317
-0.006120594992237882,-0.19590486318338735,0.870154413342128,0.6259981561858621,-0.34366060547342336,0.26520124472550904,0.47828064472233506,0.07623450765361144,0.2708195511531432,-0.07733750980724917
0.23325194976728453,-0.3766601028089725,-0.3837705648673155,0.8534272477506628,0.3011142612972129,-0.2197237732988353,-0.1377239157728723,0.4601304475664683,-0.08925146421005778,0.3700267828631251
-1.0126771018949488,0.0037306282378117045,-0.3782346513131542,0.046122945558638336,-0.3441465764242532,-0.36710150600020924,0.1709754620446629,-0.10549036940639618,0.5735663557797779,0.053480388692505994
-0.31058627944500444,-0.3169925636369616,0.28712024853610385,-0.7111315128150234,-0.5037907449229726,-0.47860964104567816,0.4164135847561842,-0.4284912609549066,-0.7963761154563793,-0.851704548657067
0.5090129031120362,-0.0700190603815584,0.10703693504734751,-0.8042175903495027,0.3599137416529619,-0.20335022774910178,0.15357573115287165,0.30573637645692603,0.508583546966969,-0.6325547155437731
-0.3435839287046726,-0.6309218946020138,-0.546814549847217,-0.3626253872536149,0.13871633187766175,-0.6940012524975109,0.26604256593933295,-0.3908687231801026,0.21905018430568818,0.0007604406027029488
0.6988742079145037,1.0636904687836053,1.0278466690820314,-0.0029798258820513805,-0.4253673467530998,0.41472614423541854,-0.3088875744536928,-0.5942068404000435,0.6821769372252273,-0.24930110769369837
0.19615678135760017,-0.20949155007704437,0.6190736418263838,-0.00018186829372130288,-0.036490190567825896,-0.06789627255813448,-0.5544894610129438,-0.007949491229439273,-0.5390102807634672,0.2948103365388055
0.14612497765795257,-0.07743443144959028,0.22012638411090552,-0.1424041406198631,0.0076374820469115165,0.1156410451687372,0.008940300036369368,0.5828370639201861,0.3044740886650014,0.23400920644868822
-0.6603609952228178,-0.1647449671251228,-0.2703603189733068,0.3314650146511171,0.4047671635272783,0.2619116630283449,0.3156505674103063,0.6522184568228965,0.11712872909350273,-0.4158242227683031
-0.4324557950434432,0.5033052712379075,-0.2693643947220777,0.680417855818492,-0.025752902782960295,-0.4160489174509222,0.19882456716886074,0.36324680077819244,0.07336739791000085,-0.5274030171670235
0.3734328504290451,-0.3809210962612453,-0.31949181528980336,0.588602039996686,-0.5774613733896732,-0.4499346540824835,-0.0537377777298441,-0.13947009527306636,0.7639395137119552,0.1285366617290195
-0.5848085041707459,-0.09913063631838907,-0.2503101275436274,0.07338803555302728,-0.0013492839956686976,0.522234422739812,0.06643825072458552,-0.0936346625874482,-0.5408281929021879,0.15579721448972397
0.9846243798413452,0.149191253886797,0.17949991359877818,1.0147194401998822,-0.5237351023223994,-0.6149765897620715,-0.18517899096425808,-0.6075615175454266,-0.4630598400817432,0.32898365363687715
0.22590223027757309,0.038068880606248606,-0.23289341270724848,-0.5869043682320568,-0.6239922775051113,-0.6410602865461237,0.1395623282998728,0.22507634999089612,-0.23574100112019078,-0.3738871701094547
0.008982796533572042,0.6884391070043875,-0.24810528990742137,-0.0013926186877028113,0.1401249347626675,-0.2484233754199285,0.5689953191346088,-0.19265277409768716,-0.24363094516497086,-0.5507974903180675
0.1381302785762553,-0.35210955270641614,0.09943876165058767,-0.5630723235619918,-1.031503728048414,-0.3881691354285281,-0.19817195211093105,0.26086562653171247,-0.017907257940392652,-0.09516267862109083
0.49117633448077375,-0.5003859946257507,-0.1437818528862726,0.0822092514933875,-0.09689089491758271,-0.22081356798046167,-0.030804496394551545,0.47443487238221227,0.5362482189380513,0.31737460084596447
-0.23758481504409779,-0.09083285995031103,-0.037468920511729696,-0.1902002445663815,0.6457438739996555,0.47400746796269283,-0.17953471580268854,0.6776142911490117,0.41680493185375034,-0.3704635856108038
-0.19436914375430023,0.28475595471967535,0.46039640074098404,0.1310260922654843,-0.12748849716763036,0.12158019870403279,0.1280146821483164,0.6953197341889826,0.34499054696468623,0.17157908123360183
-0.09403421532377436,0.35727514693208057,0.058820563479428954,-0.5522935323318088,-0.3964341412797576,0.05527694360138613,0.2357955197653281,0.1588886102988307,-0.16903704597678668,-0.44128829134726083
0.0478746343855818,0.09394342905234733,0.3993972059629363,-0.047798274164482735,0.2819364167246463,0.0735512254018642,0.3146491327710787,0.15119251242694434,0.4224494157202291,0.41846665646445363
-0.3960983636478654,0.1565907111244656,-0.08915994914217623,0.2119776620539701,-0.07439573220497968,-0.05279259359447967,-0.28537464198428225,-0.012472644856008375,-0.3285313142797662,0.36888673007556355
-0.5537005444978662,-0.07362640543240466,0.47941731681235583,0.10273346817526825,0.2365969099754437,-0.776997651842355,-0.2734562012321179,-0.3281771087864671,-0.31759222209254584,0.25269172819731894
0.5169086336115744,-0.11795031322068031,-0.3435648386379158,-0.3417811319578694,-0.550878132939405,-0.6655650538901645,-0.10881012149699713,-0.525698547986152,-0.13420448395082674,-0.27726411748489094
-0.0013973442213394687,-0.35962299394116126,-0.6384836884785045,-0.3448585152219748,-0.2207363156903602,-0.06944939735774414,0.2217818602577452,-0.2465309968340773,0.11838042979883028,0.23267430700222544
0.7546084973004783,-0.29326217201554083,0.30944148089540546,0.41868757711524146,0.5784791420436947,-0.22364325739971663,0.3410103713499551,0.16141128134440524,0.0015279253886290236,0.5435480932309756
-0.2932131490559667,0.37210379181145514,0.4539816564181838,0.24961341800735543,0.1549187510192481,-0.6002031954343681,-0.1586109856751959,0.8958971581350064,-0.08603481026528513,-0.01986016134548683
0.16713794590419437,0.1410697663192992,-0.2096232489602903,0.41778847877458963,-0.2522245002280636,0.06172508010904363,0.5420437439447291,0.17772336629020355,-0.6181633897452578,-0.7730274042892289
1.1325042966579375,0.23775006719254704,-0.4033689787217695,-0.39692384535729164,0.05733168598859135,0.3340037469197343,-0.2226271645801703,0.33950380185976603,0.08015015986207714,-0.3581382784753579
-0.1335985501139443,0.502246727054619,0.13011422271111764,-0.09780079379943704,-0.015414151524016002,-0.5822058036649855,-0.2624240108167165,0.6211991619688303,-0.2917831640340044,-0.22935279841411438
-0.8176234447922033,0.10494010570778767,-0.5693145637970622,0.19079222487993588,0.2713124845500382,-0.04546354513400323,0.34706254627865213,-0.6864202497818548,0.04247804138078342,-0.49043830912108344
-0.26131094996958654,0.24822051019297106,-0.15833194703417364,-0.16836153088622172,-0.33010534841398914,-0.11119579983883904,-0.232573930340809,0.09928579112265949,0.13103593080960266,0.8671789970860464
0.3815818987283891,-0.736762828427338,-0.30382695142717486,0.08496134998302948,-0.4422043674695189,0.06429167359573053,0.8381354820018106,0.12979885541177105,-0.2582176416334776,-0.4624155196432159
-0.0788093273621998,-0.8284068362075783,-0.4604842057566129,0.31872763541594284,0.5067755121295469,-0.40669842828551006,0.14640572662136975,-0.34411059818289197,0.2344719356364235,0.6153741644144032
-0.7120463618045972,0.3927564942025033,0.14369588201572536,0.755012569127649,0.6016544053645134,-0.4321773611860479,-0.7859749540559597,0.19600605596063203,0.006861175474469426,0.00531900289083675
0.9020421260013305,0.9433775836961547,0.5535749856173013,0.4550639726984383,0.9375891402226144,0.027398231467079027,0.43062231158381026,-0.17208689702617327,-0.2704848330249058,0.6254148817086367
0.2757081741345886,0.13815843818981918,0.9409349418837945,-0.1037458563325541,-0.24296388071670405,-0.05422759052387395,-0.3388129863301664,0.7601252447973903,-0.3330908173670921,-0.1935591338520581
-0.07040723418456697,-0.2145888835588727,-0.06029853081388279,-0.38319027908556286,-0.01800596085962831,0.7395837696854124,0.1442844287076435,-0.7993069664374907,0.33100531297622227,0.6838804690589136
-0.3180794511453439,0.5117779120701061,0.20824866805698036,-0.188777599199587,-0.28488398827442096,-0.010191767123181365,0.0007054573109600531,-0.33498348274838147,-0.04017816615453288,-0.3541333881395129
-0.5125875909318777,0.21172038976305088,-0.5663285786746811,0.3594303334408861,0.09126954348178398,0.5198864358488589,0.2012679704589861,0.6081662475035243,-0.5461642177138665,-0.03384128372581527
0.8520984007880117,-0.5327007627600177,0.25281244109823564,-0.18304294396363288,-0.10402844020295957,0.3923149978765808,-0.5650804904691603,-0.2516564540657358,-0.10334776144240261,0.2359910304476532
0.41101722942950997,0.19287087435600092,0.5329135619622439,0.6051335986633947,-0.35563674074278956,0.18998995747754857,-0.08272451565856234,0.05158187334097188,0.1594691252527442,0.2519642364442896
0.0325279125076573,-0.8108676520358583,-0.03233641510266387,0.0008815514786404612,0.5025684144700925,-0.4624993748705634,0.5260537579228127,0.18868669669410904,-0.025627932188807052,-0.42924198641875505
0.053648188934067254,0.08223545492883916,-0.21847201143452982,-0.079464084963321,0.05905349521658001,-0.3411461918535014,-0.2294142176641126,-0.19344639368946648,0.038508912033557156,-0.2828160641013643
0.2541987558170041,-0.6050949887477295,-0.017766574193333357,0.08867313110022594,0.4533616756204474,0.39227805412615663,0.0014692852264809565,0.2528190102976971,-0.05265604840748598,0.3596601682394147
0.08220602329098967,-0.649196207004639,1.1080854136650453,-0.6032677753903378,-0.35311201586419994,0.6696171522080869,0.15261365380408548,0.15265863978373742,0.16054628278076966,0.15760284675843397
0.08009970291922089,-0.25343046314435996,-0.2092310175781157,-0.21741582907286622,-0.22109229171844058,0.7218850065863457,-0.7718113786678942,-0.16715375176687824,0.2133833166871299,0.008407678327365616
-0.39280209795597576,0.3122990421540638,-0.14722595175758,0.7504163090123358,0.6395729232676199,-0.33039573045867604,0.2521443978588085,-0.5203854517128877,0.0033633839822605296,0.41686497986492876
0.029007473354535185,-0.26141940643757106,-0.39447032886044336,0.10220402009609851,-0.08220146771351913,-0.13119977145383507,-0.29604618214071005,0.44397610535632503,0.030277580805981683,-0.1500339521318867
0.6702207051244318,0.033542355262995927,0.1748010286604755,-0.4599621969066649,-0.2813434426824161,-0.08091330375990013,-0.3058006166037304,0.24480547849135612,-0.496960843548385,0.04110785309571096
0.21065333279324866,-0.21941581142874916,0.117652216429802,-0.012632808598837732,0.14406748699550864,0.4740196602271073,-0.019943991304450584,-0.1337330658107547,-0.29171047180877063,0.6020405044757374
0.2718511237008424,0.013721610137387633,-0.13402923865085964,-0.2970934777224846,-0.02940507807163159,-0.08292928770261535,-0.09881023250460158,0.3660745603146526,-0.8708002904850032,-0.5701579563099568
